================================================================================
GRIDSEARCH OPTIMIZATION WITH 4D HEATMAP VISUALIZATION
================================================================================

Parameter Grid Configuration:
  fertility_multiplier: [0.5, 1.0, 1.5, 2.0] (4 levels)
  mortality_multiplier: [0.5, 1.0, 1.5, 2.0] (4 levels)
  birth_rate_factor: [np.float64(0.7), np.float64(0.85), np.float64(1.0), np.float64(1.15), np.float64(1.3)] (5 levels)
  death_rate_factor: [np.float64(0.6), np.float64(0.7999999999999999), np.float64(1.0), np.float64(1.2), np.float64(1.4)] (5 levels)
  Total combinations to test: 400

Running GridSearch and collecting results for heatmap...
Iteration 1/2
Creating synthetic realistic Polish population of 1000 citizens...
  Created 996 citizens in 400 households
  Created 4 zones with environmental parameters
Starting simulation for 120 months (10.0 years)
Initial population: 996 citizens
Year 1: Population=993, Households=411
Year 5: Population=976, Households=458
Year 10: Population=934, Households=500
Simulation complete. Final population: 934
Creating synthetic realistic Polish population of 1000 citizens...
  Created 996 citizens in 400 households
  Created 4 zones with environmental parameters
Starting simulation for 120 months (10.0 years)
Initial population: 996 citizens
Year 1: Population=981, Households=416
Year 5: Population=948, Households=439
Year 10: Population=900, Households=478
Simulation complete. Final population: 900
Creating synthetic realistic Polish population of 1000 citizens...
  Created 996 citizens in 400 households
  Created 4 zones with environmental parameters
Starting simulation for 120 months (10.0 years)
Initial population: 996 citizens
Year 1: Population=974, Households=414
Year 5: Population=913, Households=447
Year 10: Population=852, Households=490
Simulation complete. Final population: 852
Creating synthetic realistic Polish population of 1000 citizens...
  Created 996 citizens in 400 households
  Created 4 zones with environmental parameters
Starting simulation for 120 months (10.0 years)
Initial population: 996 citizens
Year 1: Population=963, Households=414
Year 5: Population=899, Households=451
Year 10: Population=804, Households=481
Simulation complete. Final population: 804
Creating synthetic realistic Polish population of 1000 citizens...
  Created 996 citizens in 400 households
  Created 4 zones with environmental parameters
Starting simulation for 120 months (10.0 years)
Initial population: 996 citizens
Year 1: Population=993, Households=412
Year 5: Population=986, Households=452
Year 10: Population=965, Households=499
Simulation complete. Final population: 965
Creating synthetic realistic Polish population of 1000 citizens...
  Created 996 citizens in 400 households
  Created 4 zones with environmental parameters
Starting simulation for 120 months (10.0 years)
Initial population: 996 citizens
Year 1: Population=981, Households=416
Year 5: Population=952, Households=449
Year 10: Population=904, Households=481
Simulation complete. Final population: 904
Creating synthetic realistic Polish population of 1000 citizens...
  Created 996 citizens in 400 households
  Created 4 zones with environmental parameters
Starting simulation for 120 months (10.0 years)
Initial population: 996 citizens
Year 1: Population=971, Households=414
Year 5: Population=924, Households=444
Year 10: Population=861, Households=480
Simulation complete. Final population: 861
Creating synthetic realistic Polish population of 1000 citizens...
  Created 996 citizens in 400 households
  Created 4 zones with environmental parameters
Starting simulation for 120 months (10.0 years)
Initial population: 996 citizens
Year 1: Population=958, Households=412
Year 5: Population=893, Households=451
Year 10: Population=824, Households=485
Simulation complete. Final population: 824
Creating synthetic realistic Polish population of 1000 citizens...
  Created 996 citizens in 400 households
  Created 4 zones with environmental parameters
Starting simulation for 120 months (10.0 years)
Initial population: 996 citizens
Year 1: Population=999, Households=410
Year 5: Population=1001, Households=441
Year 10: Population=999, Households=488
Simulation complete. Final population: 999
Creating synthetic realistic Polish population of 1000 citizens...
  Created 996 citizens in 400 households
  Created 4 zones with environmental parameters
Starting simulation for 120 months (10.0 years)
Initial population: 996 citizens
Year 1: Population=987, Households=413
Year 5: Population=966, Households=444
Year 10: Population=935, Households=489
Simulation complete. Final population: 935
Creating synthetic realistic Polish population of 1000 citizens...
  Created 996 citizens in 400 households
  Created 4 zones with environmental parameters
Starting simulation for 120 months (10.0 years)
Initial population: 996 citizens
Year 1: Population=971, Households=414
Year 5: Population=931, Households=446
Year 10: Population=887, Households=489
Simulation complete. Final population: 887
Creating synthetic realistic Polish population of 1000 citizens...
  Created 996 citizens in 400 households
  Created 4 zones with environmental parameters
Starting simulation for 120 months (10.0 years)
Initial population: 996 citizens
Year 1: Population=961, Households=414
Year 5: Population=901, Households=447
Year 10: Population=849, Households=481
Simulation complete. Final population: 849
Creating synthetic realistic Polish population of 1000 citizens...
  Created 996 citizens in 400 households
  Created 4 zones with environmental parameters
Starting simulation for 120 months (10.0 years)
Initial population: 996 citizens
Year 1: Population=999, Households=410
Year 5: Population=1006, Households=443
Year 10: Population=988, Households=492
Simulation complete. Final population: 988
Creating synthetic realistic Polish population of 1000 citizens...
  Created 996 citizens in 400 households
  Created 4 zones with environmental parameters
Starting simulation for 120 months (10.0 years)
Initial population: 996 citizens
Year 1: Population=988, Households=412
Year 5: Population=981, Households=446
Year 10: Population=956, Households=490
Simulation complete. Final population: 956
Creating synthetic realistic Polish population of 1000 citizens...
  Created 996 citizens in 400 households
  Created 4 zones with environmental parameters
Starting simulation for 120 months (10.0 years)
Initial population: 996 citizens
Year 1: Population=983, Households=413
Year 5: Population=954, Households=441
Year 10: Population=905, Households=485
Simulation complete. Final population: 905
Creating synthetic realistic Polish population of 1000 citizens...
  Created 996 citizens in 400 households
  Created 4 zones with environmental parameters
Starting simulation for 120 months (10.0 years)
Initial population: 996 citizens
Year 1: Population=965, Households=413
Year 5: Population=926, Households=457
Year 10: Population=883, Households=498
Simulation complete. Final population: 883
Creating synthetic realistic Polish population of 1000 citizens...
  Created 996 citizens in 400 households
  Created 4 zones with environmental parameters
Starting simulation for 120 months (10.0 years)
Initial population: 996 citizens
Year 1: Population=991, Households=410
Year 5: Population=964, Households=449
Year 10: Population=925, Households=492
Simulation complete. Final population: 925
Creating synthetic realistic Polish population of 1000 citizens...
  Created 996 citizens in 400 households
  Created 4 zones with environmental parameters
Starting simulation for 120 months (10.0 years)
Initial population: 996 citizens
Year 1: Population=976, Households=414
Year 5: Population=938, Households=442
Year 10: Population=861, Households=490
Simulation complete. Final population: 861
Creating synthetic realistic Polish population of 1000 citizens...
  Created 996 citizens in 400 households
  Created 4 zones with environmental parameters
Starting simulation for 120 months (10.0 years)
Initial population: 996 citizens
Year 1: Population=963, Households=414
Year 5: Population=899, Households=451
Year 10: Population=804, Households=481
Simulation complete. Final population: 804
Creating synthetic realistic Polish population of 1000 citizens...
  Created 996 citizens in 400 households
  Created 4 zones with environmental parameters
Starting simulation for 120 months (10.0 years)
Initial population: 996 citizens
Year 1: Population=959, Households=413
Year 5: Population=876, Households=443
Year 10: Population=774, Households=476
Simulation complete. Final population: 774
Creating synthetic realistic Polish population of 1000 citizens...
  Created 996 citizens in 400 households
  Created 4 zones with environmental parameters
Starting simulation for 120 months (10.0 years)
Initial population: 996 citizens
Year 1: Population=992, Households=408
Year 5: Population=965, Households=450
Year 10: Population=930, Households=504
Simulation complete. Final population: 930
Creating synthetic realistic Polish population of 1000 citizens...
  Created 996 citizens in 400 households
  Created 4 zones with environmental parameters
Starting simulation for 120 months (10.0 years)
Initial population: 996 citizens
Year 1: Population=976, Households=414
Year 5: Population=928, Households=448
Year 10: Population=874, Households=485
Simulation complete. Final population: 874
Creating synthetic realistic Polish population of 1000 citizens...
  Created 996 citizens in 400 households
  Created 4 zones with environmental parameters
Starting simulation for 120 months (10.0 years)
Initial population: 996 citizens
Year 1: Population=958, Households=412
Year 5: Population=893, Households=451
Year 10: Population=824, Households=485
Simulation complete. Final population: 824
Creating synthetic realistic Polish population of 1000 citizens...
  Created 996 citizens in 400 households
  Created 4 zones with environmental parameters
Starting simulation for 120 months (10.0 years)
Initial population: 996 citizens
Year 1: Population=952, Households=412
Year 5: Population=887, Households=448
Year 10: Population=802, Households=489
Simulation complete. Final population: 802
Creating synthetic realistic Polish population of 1000 citizens...
  Created 996 citizens in 400 households
  Created 4 zones with environmental parameters
Starting simulation for 120 months (10.0 years)
Initial population: 996 citizens
Year 1: Population=992, Households=413
Year 5: Population=992, Households=445
Year 10: Population=970, Households=483
Simulation complete. Final population: 970
Creating synthetic realistic Polish population of 1000 citizens...
  Created 996 citizens in 400 households
  Created 4 zones with environmental parameters
Starting simulation for 120 months (10.0 years)
Initial population: 996 citizens
Year 1: Population=976, Households=414
Year 5: Population=934, Households=449
Year 10: Population=897, Households=488
Simulation complete. Final population: 897
Creating synthetic realistic Polish population of 1000 citizens...
  Created 996 citizens in 400 households
  Created 4 zones with environmental parameters
Starting simulation for 120 months (10.0 years)
Initial population: 996 citizens
Year 1: Population=961, Households=414
Year 5: Population=901, Households=447
Year 10: Population=849, Households=481
Simulation complete. Final population: 849
Creating synthetic realistic Polish population of 1000 citizens...
  Created 996 citizens in 400 households
  Created 4 zones with environmental parameters
Starting simulation for 120 months (10.0 years)
Initial population: 996 citizens
Year 1: Population=962, Households=410
Year 5: Population=889, Households=439
Year 10: Population=817, Households=474
Simulation complete. Final population: 817
Creating synthetic realistic Polish population of 1000 citizens...
  Created 996 citizens in 400 households
  Created 4 zones with environmental parameters
Starting simulation for 120 months (10.0 years)
Initial population: 996 citizens
Year 1: Population=995, Households=413
Year 5: Population=986, Households=443
Year 10: Population=973, Households=482
Simulation complete. Final population: 973
Creating synthetic realistic Polish population of 1000 citizens...
  Created 996 citizens in 400 households
  Created 4 zones with environmental parameters
Starting simulation for 120 months (10.0 years)
Initial population: 996 citizens
Year 1: Population=977, Households=414
Year 5: Population=957, Households=446
Year 10: Population=916, Households=487
Simulation complete. Final population: 916
Creating synthetic realistic Polish population of 1000 citizens...
  Created 996 citizens in 400 households
  Created 4 zones with environmental parameters
Starting simulation for 120 months (10.0 years)
Initial population: 996 citizens
Year 1: Population=965, Households=413
Year 5: Population=926, Households=457
Year 10: Population=883, Households=498
Simulation complete. Final population: 883
Creating synthetic realistic Polish population of 1000 citizens...
  Created 996 citizens in 400 households
  Created 4 zones with environmental parameters
Starting simulation for 120 months (10.0 years)
Initial population: 996 citizens
Year 1: Population=957, Households=409
Year 5: Population=910, Households=444
Year 10: Population=858, Households=480
Simulation complete. Final population: 858
Creating synthetic realistic Polish population of 1000 citizens...
  Created 996 citizens in 400 households
  Created 4 zones with environmental parameters
Starting simulation for 120 months (10.0 years)
Initial population: 996 citizens
Year 1: Population=984, Households=410
Year 5: Population=949, Households=439
Year 10: Population=904, Households=474
Simulation complete. Final population: 904
Creating synthetic realistic Polish population of 1000 citizens...
  Created 996 citizens in 400 households
  Created 4 zones with environmental parameters
Starting simulation for 120 months (10.0 years)
Initial population: 996 citizens
Year 1: Population=967, Households=414
Year 5: Population=914, Households=454
Year 10: Population=842, Households=490
Simulation complete. Final population: 842
Creating synthetic realistic Polish population of 1000 citizens...
  Created 996 citizens in 400 households
  Created 4 zones with environmental parameters
Starting simulation for 120 months (10.0 years)
Initial population: 996 citizens
Year 1: Population=957, Households=414
Year 5: Population=870, Households=445
Year 10: Population=800, Households=484
Simulation complete. Final population: 800
Creating synthetic realistic Polish population of 1000 citizens...
  Created 996 citizens in 400 households
  Created 4 zones with environmental parameters
Starting simulation for 120 months (10.0 years)
Initial population: 996 citizens
Year 1: Population=954, Households=412
Year 5: Population=858, Households=440
Year 10: Population=762, Households=478
Simulation complete. Final population: 762
Creating synthetic realistic Polish population of 1000 citizens...
  Created 996 citizens in 400 households
  Created 4 zones with environmental parameters
Starting simulation for 120 months (10.0 years)
Initial population: 996 citizens
Year 1: Population=984, Households=410
Year 5: Population=949, Households=441
Year 10: Population=907, Households=485
Simulation complete. Final population: 907
Creating synthetic realistic Polish population of 1000 citizens...
  Created 996 citizens in 400 households
  Created 4 zones with environmental parameters
Starting simulation for 120 months (10.0 years)
Initial population: 996 citizens
Year 1: Population=969, Households=414
Year 5: Population=919, Households=443
Year 10: Population=862, Households=479
Simulation complete. Final population: 862
Creating synthetic realistic Polish population of 1000 citizens...
  Created 996 citizens in 400 households
  Created 4 zones with environmental parameters
Starting simulation for 120 months (10.0 years)
Initial population: 996 citizens
Year 1: Population=951, Households=414
Year 5: Population=896, Households=445
Year 10: Population=810, Households=495
Simulation complete. Final population: 810
Creating synthetic realistic Polish population of 1000 citizens...
  Created 996 citizens in 400 households
  Created 4 zones with environmental parameters
Starting simulation for 120 months (10.0 years)
Initial population: 996 citizens
Year 1: Population=949, Households=413
Year 5: Population=865, Households=438
Year 10: Population=785, Households=479
Simulation complete. Final population: 785
Creating synthetic realistic Polish population of 1000 citizens...
  Created 996 citizens in 400 households
  Created 4 zones with environmental parameters
Starting simulation for 120 months (10.0 years)
Initial population: 996 citizens
Year 1: Population=991, Households=413
Year 5: Population=956, Households=449
Year 10: Population=924, Households=495
Simulation complete. Final population: 924
Creating synthetic realistic Polish population of 1000 citizens...
  Created 996 citizens in 400 households
  Created 4 zones with environmental parameters
Starting simulation for 120 months (10.0 years)
Initial population: 996 citizens
Year 1: Population=971, Households=416
Year 5: Population=932, Households=439
Year 10: Population=876, Households=480
Simulation complete. Final population: 876
Creating synthetic realistic Polish population of 1000 citizens...
  Created 996 citizens in 400 households
  Created 4 zones with environmental parameters
Starting simulation for 120 months (10.0 years)
Initial population: 996 citizens
Year 1: Population=957, Households=412
Year 5: Population=893, Households=442
Year 10: Population=831, Households=479
Simulation complete. Final population: 831
Creating synthetic realistic Polish population of 1000 citizens...
  Created 996 citizens in 400 households
  Created 4 zones with environmental parameters
Starting simulation for 120 months (10.0 years)
Initial population: 996 citizens
Year 1: Population=952, Households=414
Year 5: Population=860, Households=441
Year 10: Population=794, Households=482
Simulation complete. Final population: 794
Creating synthetic realistic Polish population of 1000 citizens...
  Created 996 citizens in 400 households
  Created 4 zones with environmental parameters
Starting simulation for 120 months (10.0 years)
Initial population: 996 citizens
Year 1: Population=994, Households=413
Year 5: Population=976, Households=460
Year 10: Population=962, Households=512
Simulation complete. Final population: 962
Creating synthetic realistic Polish population of 1000 citizens...
  Created 996 citizens in 400 households
  Created 4 zones with environmental parameters
Starting simulation for 120 months (10.0 years)
Initial population: 996 citizens
Year 1: Population=971, Households=411
Year 5: Population=944, Households=437
Year 10: Population=891, Households=474
Simulation complete. Final population: 891
Creating synthetic realistic Polish population of 1000 citizens...
  Created 996 citizens in 400 households
  Created 4 zones with environmental parameters
Starting simulation for 120 months (10.0 years)
Initial population: 996 citizens
Year 1: Population=962, Households=412
Year 5: Population=886, Households=452
Year 10: Population=826, Households=499
Simulation complete. Final population: 826
Creating synthetic realistic Polish population of 1000 citizens...
  Created 996 citizens in 400 households
  Created 4 zones with environmental parameters
Starting simulation for 120 months (10.0 years)
Initial population: 996 citizens
Year 1: Population=956, Households=414
Year 5: Population=878, Households=434
Year 10: Population=829, Households=476
Simulation complete. Final population: 829
Creating synthetic realistic Polish population of 1000 citizens...
  Created 996 citizens in 400 households
  Created 4 zones with environmental parameters
Starting simulation for 120 months (10.0 years)
Initial population: 996 citizens
Year 1: Population=981, Households=416
Year 5: Population=948, Households=439
Year 10: Population=900, Households=478
Simulation complete. Final population: 900
Creating synthetic realistic Polish population of 1000 citizens...
  Created 996 citizens in 400 households
  Created 4 zones with environmental parameters
Starting simulation for 120 months (10.0 years)
Initial population: 996 citizens
Year 1: Population=963, Households=414
Year 5: Population=899, Households=451
Year 10: Population=804, Households=481
Simulation complete. Final population: 804
Creating synthetic realistic Polish population of 1000 citizens...
  Created 996 citizens in 400 households
  Created 4 zones with environmental parameters
Starting simulation for 120 months (10.0 years)
Initial population: 996 citizens
Year 1: Population=948, Households=413
Year 5: Population=873, Households=436
Year 10: Population=771, Households=476
Simulation complete. Final population: 771
Creating synthetic realistic Polish population of 1000 citizens...
  Created 996 citizens in 400 households
  Created 4 zones with environmental parameters
Starting simulation for 120 months (10.0 years)
Initial population: 996 citizens
Year 1: Population=946, Households=412
Year 5: Population=848, Households=443
Year 10: Population=753, Households=479
Simulation complete. Final population: 753
Creating synthetic realistic Polish population of 1000 citizens...
  Created 996 citizens in 400 households
  Created 4 zones with environmental parameters
Starting simulation for 120 months (10.0 years)
Initial population: 996 citizens
Year 1: Population=981, Households=416
Year 5: Population=952, Households=449
Year 10: Population=904, Households=481
Simulation complete. Final population: 904
Creating synthetic realistic Polish population of 1000 citizens...
  Created 996 citizens in 400 households
  Created 4 zones with environmental parameters
Starting simulation for 120 months (10.0 years)
Initial population: 996 citizens
Year 1: Population=958, Households=412
Year 5: Population=893, Households=451
Year 10: Population=824, Households=485
Simulation complete. Final population: 824
Creating synthetic realistic Polish population of 1000 citizens...
  Created 996 citizens in 400 households
  Created 4 zones with environmental parameters
Starting simulation for 120 months (10.0 years)
Initial population: 996 citizens
Year 1: Population=953, Households=413
Year 5: Population=872, Households=442
Year 10: Population=784, Households=481
Simulation complete. Final population: 784
Creating synthetic realistic Polish population of 1000 citizens...
  Created 996 citizens in 400 households
  Created 4 zones with environmental parameters
Starting simulation for 120 months (10.0 years)
Initial population: 996 citizens
Year 1: Population=945, Households=412
Year 5: Population=850, Households=439
Year 10: Population=758, Households=482
Simulation complete. Final population: 758
Creating synthetic realistic Polish population of 1000 citizens...
  Created 996 citizens in 400 households
  Created 4 zones with environmental parameters
Starting simulation for 120 months (10.0 years)
Initial population: 996 citizens
Year 1: Population=987, Households=413
Year 5: Population=966, Households=444
Year 10: Population=935, Households=489
Simulation complete. Final population: 935
Creating synthetic realistic Polish population of 1000 citizens...
  Created 996 citizens in 400 households
  Created 4 zones with environmental parameters
Starting simulation for 120 months (10.0 years)
Initial population: 996 citizens
Year 1: Population=961, Households=414
Year 5: Population=901, Households=447
Year 10: Population=849, Households=481
Simulation complete. Final population: 849
Creating synthetic realistic Polish population of 1000 citizens...
  Created 996 citizens in 400 households
  Created 4 zones with environmental parameters
Starting simulation for 120 months (10.0 years)
Initial population: 996 citizens
Year 1: Population=948, Households=412
Year 5: Population=892, Households=432
Year 10: Population=818, Households=470
Simulation complete. Final population: 818
Creating synthetic realistic Polish population of 1000 citizens...
  Created 996 citizens in 400 households
  Created 4 zones with environmental parameters
Starting simulation for 120 months (10.0 years)
Initial population: 996 citizens
Year 1: Population=953, Households=412
Year 5: Population=862, Households=442
Year 10: Population=787, Households=477
Simulation complete. Final population: 787
Creating synthetic realistic Polish population of 1000 citizens...
  Created 996 citizens in 400 households
  Created 4 zones with environmental parameters
Starting simulation for 120 months (10.0 years)
Initial population: 996 citizens
Year 1: Population=988, Households=412
Year 5: Population=981, Households=446
Year 10: Population=956, Households=490
Simulation complete. Final population: 956
Creating synthetic realistic Polish population of 1000 citizens...
  Created 996 citizens in 400 households
  Created 4 zones with environmental parameters
Starting simulation for 120 months (10.0 years)
Initial population: 996 citizens
Year 1: Population=965, Households=413
Year 5: Population=926, Households=457
Year 10: Population=883, Households=498
Simulation complete. Final population: 883
Creating synthetic realistic Polish population of 1000 citizens...
  Created 996 citizens in 400 households
  Created 4 zones with environmental parameters
Starting simulation for 120 months (10.0 years)
Initial population: 996 citizens
Year 1: Population=951, Households=412
Year 5: Population=902, Households=445
Year 10: Population=839, Households=483
Simulation complete. Final population: 839
Creating synthetic realistic Polish population of 1000 citizens...
  Created 996 citizens in 400 households
  Created 4 zones with environmental parameters
Starting simulation for 120 months (10.0 years)
Initial population: 996 citizens
Year 1: Population=954, Households=412
Year 5: Population=853, Households=429
Year 10: Population=821, Households=469
Simulation complete. Final population: 821
Creating synthetic realistic Polish population of 1000 citizens...
  Created 996 citizens in 400 households
  Created 4 zones with environmental parameters
Starting simulation for 120 months (10.0 years)
Initial population: 996 citizens
Year 1: Population=981, Households=415
Year 5: Population=935, Households=448
Year 10: Population=871, Households=504
Simulation complete. Final population: 871
Creating synthetic realistic Polish population of 1000 citizens...
  Created 996 citizens in 400 households
  Created 4 zones with environmental parameters
Starting simulation for 120 months (10.0 years)
Initial population: 996 citizens
Year 1: Population=961, Households=414
Year 5: Population=882, Households=447
Year 10: Population=811, Households=482
Simulation complete. Final population: 811
Creating synthetic realistic Polish population of 1000 citizens...
  Created 996 citizens in 400 households
  Created 4 zones with environmental parameters
Starting simulation for 120 months (10.0 years)
Initial population: 996 citizens
Year 1: Population=952, Households=412
Year 5: Population=854, Households=438
Year 10: Population=771, Households=471
Simulation complete. Final population: 771
Creating synthetic realistic Polish population of 1000 citizens...
  Created 996 citizens in 400 households
  Created 4 zones with environmental parameters
Starting simulation for 120 months (10.0 years)
Initial population: 996 citizens
Year 1: Population=940, Households=412
Year 5: Population=812, Households=440
Year 10: Population=719, Households=471
Simulation complete. Final population: 719
Creating synthetic realistic Polish population of 1000 citizens...
  Created 996 citizens in 400 households
  Created 4 zones with environmental parameters
Starting simulation for 120 months (10.0 years)
Initial population: 996 citizens
Year 1: Population=981, Households=415
Year 5: Population=945, Households=445
Year 10: Population=892, Households=485
Simulation complete. Final population: 892
Creating synthetic realistic Polish population of 1000 citizens...
  Created 996 citizens in 400 households
  Created 4 zones with environmental parameters
Starting simulation for 120 months (10.0 years)
Initial population: 996 citizens
Year 1: Population=956, Households=413
Year 5: Population=877, Households=436
Year 10: Population=815, Households=469
Simulation complete. Final population: 815
Creating synthetic realistic Polish population of 1000 citizens...
  Created 996 citizens in 400 households
  Created 4 zones with environmental parameters
Starting simulation for 120 months (10.0 years)
Initial population: 996 citizens
Year 1: Population=951, Households=413
Year 5: Population=856, Households=438
Year 10: Population=787, Households=480
Simulation complete. Final population: 787
Creating synthetic realistic Polish population of 1000 citizens...
  Created 996 citizens in 400 households
  Created 4 zones with environmental parameters
Starting simulation for 120 months (10.0 years)
Initial population: 996 citizens
Year 1: Population=941, Households=413
Year 5: Population=833, Households=438
Year 10: Population=750, Households=475
Simulation complete. Final population: 750
Creating synthetic realistic Polish population of 1000 citizens...
  Created 996 citizens in 400 households
  Created 4 zones with environmental parameters
Starting simulation for 120 months (10.0 years)
Initial population: 996 citizens
Year 1: Population=982, Households=415
Year 5: Population=949, Households=450
Year 10: Population=913, Households=491
Simulation complete. Final population: 913
Creating synthetic realistic Polish population of 1000 citizens...
  Created 996 citizens in 400 households
  Created 4 zones with environmental parameters
Starting simulation for 120 months (10.0 years)
Initial population: 996 citizens
Year 1: Population=957, Households=413
Year 5: Population=886, Households=441
Year 10: Population=819, Households=476
Simulation complete. Final population: 819
Creating synthetic realistic Polish population of 1000 citizens...
  Created 996 citizens in 400 households
  Created 4 zones with environmental parameters
Starting simulation for 120 months (10.0 years)
Initial population: 996 citizens
Year 1: Population=951, Households=414
Year 5: Population=878, Households=443
Year 10: Population=816, Households=482
Simulation complete. Final population: 816
Creating synthetic realistic Polish population of 1000 citizens...
  Created 996 citizens in 400 households
  Created 4 zones with environmental parameters
Starting simulation for 120 months (10.0 years)
Initial population: 996 citizens
Year 1: Population=947, Households=408
Year 5: Population=846, Households=445
Year 10: Population=767, Households=477
Simulation complete. Final population: 767
Creating synthetic realistic Polish population of 1000 citizens...
  Created 996 citizens in 400 households
  Created 4 zones with environmental parameters
Starting simulation for 120 months (10.0 years)
Initial population: 996 citizens
Year 1: Population=985, Households=413
Year 5: Population=976, Households=455
Year 10: Population=928, Households=492
Simulation complete. Final population: 928
Creating synthetic realistic Polish population of 1000 citizens...
  Created 996 citizens in 400 households
  Created 4 zones with environmental parameters
Starting simulation for 120 months (10.0 years)
Initial population: 996 citizens
Year 1: Population=964, Households=414
Year 5: Population=917, Households=455
Year 10: Population=871, Households=493
Simulation complete. Final population: 871
Creating synthetic realistic Polish population of 1000 citizens...
  Created 996 citizens in 400 households
  Created 4 zones with environmental parameters
Starting simulation for 120 months (10.0 years)
Initial population: 996 citizens
Year 1: Population=955, Households=414
Year 5: Population=885, Households=439
Year 10: Population=807, Households=464
Simulation complete. Final population: 807
Creating synthetic realistic Polish population of 1000 citizens...
  Created 996 citizens in 400 households
  Created 4 zones with environmental parameters
Starting simulation for 120 months (10.0 years)
Initial population: 996 citizens
Year 1: Population=947, Households=408
Year 5: Population=844, Households=435
Year 10: Population=789, Households=472
Simulation complete. Final population: 789
Creating synthetic realistic Polish population of 1000 citizens...
  Created 996 citizens in 400 households
  Created 4 zones with environmental parameters
Starting simulation for 120 months (10.0 years)
Initial population: 996 citizens
Year 1: Population=993, Households=411
Year 5: Population=983, Households=455
Year 10: Population=965, Households=512
Simulation complete. Final population: 965
Creating synthetic realistic Polish population of 1000 citizens...
  Created 996 citizens in 400 households
  Created 4 zones with environmental parameters
Starting simulation for 120 months (10.0 years)
Initial population: 996 citizens
Year 1: Population=981, Households=416
Year 5: Population=948, Households=439
Year 10: Population=903, Households=475
Simulation complete. Final population: 903
Creating synthetic realistic Polish population of 1000 citizens...
  Created 996 citizens in 400 households
  Created 4 zones with environmental parameters
Starting simulation for 120 months (10.0 years)
Initial population: 996 citizens
Year 1: Population=974, Households=414
Year 5: Population=919, Households=438
Year 10: Population=844, Households=478
Simulation complete. Final population: 844
Creating synthetic realistic Polish population of 1000 citizens...
  Created 996 citizens in 400 households
  Created 4 zones with environmental parameters
Starting simulation for 120 months (10.0 years)
Initial population: 996 citizens
Year 1: Population=963, Households=414
Year 5: Population=887, Households=449
Year 10: Population=819, Households=487
Simulation complete. Final population: 819
Creating synthetic realistic Polish population of 1000 citizens...
  Created 996 citizens in 400 households
  Created 4 zones with environmental parameters
Starting simulation for 120 months (10.0 years)
Initial population: 996 citizens
Year 1: Population=992, Households=415
Year 5: Population=982, Households=452
Year 10: Population=960, Households=503
Simulation complete. Final population: 960
Creating synthetic realistic Polish population of 1000 citizens...
  Created 996 citizens in 400 households
  Created 4 zones with environmental parameters
Starting simulation for 120 months (10.0 years)
Initial population: 996 citizens
Year 1: Population=987, Households=413
Year 5: Population=953, Households=443
Year 10: Population=907, Households=491
Simulation complete. Final population: 907
Creating synthetic realistic Polish population of 1000 citizens...
  Created 996 citizens in 400 households
  Created 4 zones with environmental parameters
Starting simulation for 120 months (10.0 years)
Initial population: 996 citizens
Year 1: Population=971, Households=414
Year 5: Population=928, Households=445
Year 10: Population=869, Households=481
Simulation complete. Final population: 869
Creating synthetic realistic Polish population of 1000 citizens...
  Created 996 citizens in 400 households
  Created 4 zones with environmental parameters
Starting simulation for 120 months (10.0 years)
Initial population: 996 citizens
Year 1: Population=960, Households=413
Year 5: Population=906, Households=447
Year 10: Population=837, Households=503
Simulation complete. Final population: 837
Creating synthetic realistic Polish population of 1000 citizens...
  Created 996 citizens in 400 households
  Created 4 zones with environmental parameters
Starting simulation for 120 months (10.0 years)
Initial population: 996 citizens
Year 1: Population=999, Households=410
Year 5: Population=997, Households=448
Year 10: Population=975, Households=488
Simulation complete. Final population: 975
Creating synthetic realistic Polish population of 1000 citizens...
  Created 996 citizens in 400 households
  Created 4 zones with environmental parameters
Starting simulation for 120 months (10.0 years)
Initial population: 996 citizens
Year 1: Population=988, Households=412
Year 5: Population=978, Households=446
Year 10: Population=927, Households=502
Simulation complete. Final population: 927
Creating synthetic realistic Polish population of 1000 citizens...
  Created 996 citizens in 400 households
  Created 4 zones with environmental parameters
Starting simulation for 120 months (10.0 years)
Initial population: 996 citizens
Year 1: Population=972, Households=414
Year 5: Population=967, Households=442
Year 10: Population=903, Households=478
Simulation complete. Final population: 903
Creating synthetic realistic Polish population of 1000 citizens...
  Created 996 citizens in 400 households
  Created 4 zones with environmental parameters
Starting simulation for 120 months (10.0 years)
Initial population: 996 citizens
Year 1: Population=965, Households=413
Year 5: Population=926, Households=457
Year 10: Population=872, Households=502
Simulation complete. Final population: 872
Creating synthetic realistic Polish population of 1000 citizens...
  Created 996 citizens in 400 households
  Created 4 zones with environmental parameters
Starting simulation for 120 months (10.0 years)
Initial population: 996 citizens
Year 1: Population=999, Households=410
Year 5: Population=994, Households=448
Year 10: Population=996, Households=493
Simulation complete. Final population: 996
Creating synthetic realistic Polish population of 1000 citizens...
  Created 996 citizens in 400 households
  Created 4 zones with environmental parameters
Starting simulation for 120 months (10.0 years)
Initial population: 996 citizens
Year 1: Population=991, Households=412
Year 5: Population=990, Households=454
Year 10: Population=956, Households=496
Simulation complete. Final population: 956
Creating synthetic realistic Polish population of 1000 citizens...
  Created 996 citizens in 400 households
  Created 4 zones with environmental parameters
Starting simulation for 120 months (10.0 years)
Initial population: 996 citizens
Year 1: Population=985, Households=414
Year 5: Population=956, Households=448
Year 10: Population=918, Households=487
Simulation complete. Final population: 918
Creating synthetic realistic Polish population of 1000 citizens...
  Created 996 citizens in 400 households
  Created 4 zones with environmental parameters
Starting simulation for 120 months (10.0 years)
Initial population: 996 citizens
Year 1: Population=968, Households=412
Year 5: Population=937, Households=446
Year 10: Population=910, Households=486
Simulation complete. Final population: 910
Creating synthetic realistic Polish population of 1000 citizens...
  Created 996 citizens in 400 households
  Created 4 zones with environmental parameters
Starting simulation for 120 months (10.0 years)
Initial population: 996 citizens
Year 1: Population=992, Households=408
Year 5: Population=963, Households=448
Year 10: Population=924, Households=487
Simulation complete. Final population: 924
Creating synthetic realistic Polish population of 1000 citizens...
  Created 996 citizens in 400 households
  Created 4 zones with environmental parameters
Starting simulation for 120 months (10.0 years)
Initial population: 996 citizens
Year 1: Population=976, Households=414
Year 5: Population=937, Households=445
Year 10: Population=861, Households=492
Simulation complete. Final population: 861
Creating synthetic realistic Polish population of 1000 citizens...
  Created 996 citizens in 400 households
  Created 4 zones with environmental parameters
Starting simulation for 120 months (10.0 years)
Initial population: 996 citizens
Year 1: Population=963, Households=414
Year 5: Population=887, Households=449
Year 10: Population=819, Households=487
Simulation complete. Final population: 819
Creating synthetic realistic Polish population of 1000 citizens...
  Created 996 citizens in 400 households
  Created 4 zones with environmental parameters
Starting simulation for 120 months (10.0 years)
Initial population: 996 citizens
Year 1: Population=959, Households=413
Year 5: Population=878, Households=444
Year 10: Population=789, Households=482
Simulation complete. Final population: 789
Creating synthetic realistic Polish population of 1000 citizens...
  Created 996 citizens in 400 households
  Created 4 zones with environmental parameters
Starting simulation for 120 months (10.0 years)
Initial population: 996 citizens
Year 1: Population=992, Households=413
Year 5: Population=989, Households=449
Year 10: Population=954, Households=489
Simulation complete. Final population: 954
Creating synthetic realistic Polish population of 1000 citizens...
  Created 996 citizens in 400 households
  Created 4 zones with environmental parameters
Starting simulation for 120 months (10.0 years)
Initial population: 996 citizens
Year 1: Population=976, Households=414
Year 5: Population=937, Households=443
Year 10: Population=879, Households=486
Simulation complete. Final population: 879
Creating synthetic realistic Polish population of 1000 citizens...
  Created 996 citizens in 400 households
  Created 4 zones with environmental parameters
Starting simulation for 120 months (10.0 years)
Initial population: 996 citizens
Year 1: Population=960, Households=413
Year 5: Population=906, Households=447
Year 10: Population=837, Households=503
Simulation complete. Final population: 837
Creating synthetic realistic Polish population of 1000 citizens...
  Created 996 citizens in 400 households
  Created 4 zones with environmental parameters
Starting simulation for 120 months (10.0 years)
Initial population: 996 citizens
Year 1: Population=954, Households=411
Year 5: Population=879, Households=440
Year 10: Population=806, Households=471
Simulation complete. Final population: 806
Creating synthetic realistic Polish population of 1000 citizens...
  Created 996 citizens in 400 households
  Created 4 zones with environmental parameters
Starting simulation for 120 months (10.0 years)
Initial population: 996 citizens
Year 1: Population=994, Households=414
Year 5: Population=984, Households=443
Year 10: Population=969, Households=484
Simulation complete. Final population: 969
Creating synthetic realistic Polish population of 1000 citizens...
  Created 996 citizens in 400 households
  Created 4 zones with environmental parameters
Starting simulation for 120 months (10.0 years)
Initial population: 996 citizens
Year 1: Population=977, Households=414
Year 5: Population=944, Households=445
Year 10: Population=910, Households=494
Simulation complete. Final population: 910
Creating synthetic realistic Polish population of 1000 citizens...
  Created 996 citizens in 400 households
  Created 4 zones with environmental parameters
Starting simulation for 120 months (10.0 years)
Initial population: 996 citizens
Year 1: Population=965, Households=413
Year 5: Population=926, Households=457
Year 10: Population=872, Households=502
Simulation complete. Final population: 872
Creating synthetic realistic Polish population of 1000 citizens...
  Created 996 citizens in 400 households
  Created 4 zones with environmental parameters
Starting simulation for 120 months (10.0 years)
Initial population: 996 citizens
Year 1: Population=957, Households=409
Year 5: Population=912, Households=447
Year 10: Population=848, Households=493
Simulation complete. Final population: 848
Creating synthetic realistic Polish population of 1000 citizens...
  Created 996 citizens in 400 households
  Created 4 zones with environmental parameters
Starting simulation for 120 months (10.0 years)
Initial population: 996 citizens
Year 1: Population=998, Households=412
Year 5: Population=994, Households=453
Year 10: Population=983, Households=506
Simulation complete. Final population: 983
Creating synthetic realistic Polish population of 1000 citizens...
  Created 996 citizens in 400 households
  Created 4 zones with environmental parameters
Starting simulation for 120 months (10.0 years)
Initial population: 996 citizens
Year 1: Population=984, Households=415
Year 5: Population=964, Households=448
Year 10: Population=934, Households=495
Simulation complete. Final population: 934
Creating synthetic realistic Polish population of 1000 citizens...
  Created 996 citizens in 400 households
  Created 4 zones with environmental parameters
Starting simulation for 120 months (10.0 years)
Initial population: 996 citizens
Year 1: Population=968, Households=412
Year 5: Population=937, Households=446
Year 10: Population=910, Households=486
Simulation complete. Final population: 910
Creating synthetic realistic Polish population of 1000 citizens...
  Created 996 citizens in 400 households
  Created 4 zones with environmental parameters
Starting simulation for 120 months (10.0 years)
Initial population: 996 citizens
Year 1: Population=958, Households=409
Year 5: Population=892, Households=443
Year 10: Population=854, Households=484
Simulation complete. Final population: 854
Creating synthetic realistic Polish population of 1000 citizens...
  Created 996 citizens in 400 households
  Created 4 zones with environmental parameters
Starting simulation for 120 months (10.0 years)
Initial population: 996 citizens
Year 1: Population=984, Households=410
Year 5: Population=949, Households=447
Year 10: Population=907, Households=480
Simulation complete. Final population: 907
Creating synthetic realistic Polish population of 1000 citizens...
  Created 996 citizens in 400 households
  Created 4 zones with environmental parameters
Starting simulation for 120 months (10.0 years)
Initial population: 996 citizens
Year 1: Population=967, Households=414
Year 5: Population=916, Households=443
Year 10: Population=833, Households=477
Simulation complete. Final population: 833
Creating synthetic realistic Polish population of 1000 citizens...
  Created 996 citizens in 400 households
  Created 4 zones with environmental parameters
Starting simulation for 120 months (10.0 years)
Initial population: 996 citizens
Year 1: Population=957, Households=414
Year 5: Population=876, Households=445
Year 10: Population=796, Households=487
Simulation complete. Final population: 796
Creating synthetic realistic Polish population of 1000 citizens...
  Created 996 citizens in 400 households
  Created 4 zones with environmental parameters
Starting simulation for 120 months (10.0 years)
Initial population: 996 citizens
Year 1: Population=954, Households=412
Year 5: Population=864, Households=442
Year 10: Population=766, Households=480
Simulation complete. Final population: 766
Creating synthetic realistic Polish population of 1000 citizens...
  Created 996 citizens in 400 households
  Created 4 zones with environmental parameters
Starting simulation for 120 months (10.0 years)
Initial population: 996 citizens
Year 1: Population=991, Households=413
Year 5: Population=962, Households=446
Year 10: Population=915, Households=485
Simulation complete. Final population: 915
Creating synthetic realistic Polish population of 1000 citizens...
  Created 996 citizens in 400 households
  Created 4 zones with environmental parameters
Starting simulation for 120 months (10.0 years)
Initial population: 996 citizens
Year 1: Population=968, Households=412
Year 5: Population=928, Households=447
Year 10: Population=856, Households=486
Simulation complete. Final population: 856
Creating synthetic realistic Polish population of 1000 citizens...
  Created 996 citizens in 400 households
  Created 4 zones with environmental parameters
Starting simulation for 120 months (10.0 years)
Initial population: 996 citizens
Year 1: Population=959, Households=411
Year 5: Population=892, Households=441
Year 10: Population=823, Households=478
Simulation complete. Final population: 823
Creating synthetic realistic Polish population of 1000 citizens...
  Created 996 citizens in 400 households
  Created 4 zones with environmental parameters
Starting simulation for 120 months (10.0 years)
Initial population: 996 citizens
Year 1: Population=952, Households=414
Year 5: Population=855, Households=436
Year 10: Population=783, Households=478
Simulation complete. Final population: 783
Creating synthetic realistic Polish population of 1000 citizens...
  Created 996 citizens in 400 households
  Created 4 zones with environmental parameters
Starting simulation for 120 months (10.0 years)
Initial population: 996 citizens
Year 1: Population=994, Households=414
Year 5: Population=973, Households=445
Year 10: Population=950, Households=483
Simulation complete. Final population: 950
Creating synthetic realistic Polish population of 1000 citizens...
  Created 996 citizens in 400 households
  Created 4 zones with environmental parameters
Starting simulation for 120 months (10.0 years)
Initial population: 996 citizens
Year 1: Population=970, Households=414
Year 5: Population=938, Households=445
Year 10: Population=887, Households=484
Simulation complete. Final population: 887
Creating synthetic realistic Polish population of 1000 citizens...
  Created 996 citizens in 400 households
  Created 4 zones with environmental parameters
Starting simulation for 120 months (10.0 years)
Initial population: 996 citizens
Year 1: Population=962, Households=412
Year 5: Population=886, Households=452
Year 10: Population=842, Households=495
Simulation complete. Final population: 842
Creating synthetic realistic Polish population of 1000 citizens...
  Created 996 citizens in 400 households
  Created 4 zones with environmental parameters
Starting simulation for 120 months (10.0 years)
Initial population: 996 citizens
Year 1: Population=952, Households=414
Year 5: Population=879, Households=446
Year 10: Population=814, Households=487
Simulation complete. Final population: 814
Creating synthetic realistic Polish population of 1000 citizens...
  Created 996 citizens in 400 households
  Created 4 zones with environmental parameters
Starting simulation for 120 months (10.0 years)
Initial population: 996 citizens
Year 1: Population=998, Households=412
Year 5: Population=986, Households=459
Year 10: Population=975, Households=492
Simulation complete. Final population: 975
Creating synthetic realistic Polish population of 1000 citizens...
  Created 996 citizens in 400 households
  Created 4 zones with environmental parameters
Starting simulation for 120 months (10.0 years)
Initial population: 996 citizens
Year 1: Population=972, Households=411
Year 5: Population=944, Households=443
Year 10: Population=900, Households=482
Simulation complete. Final population: 900
Creating synthetic realistic Polish population of 1000 citizens...
  Created 996 citizens in 400 households
  Created 4 zones with environmental parameters
Starting simulation for 120 months (10.0 years)
Initial population: 996 citizens
Year 1: Population=968, Households=411
Year 5: Population=908, Households=448
Year 10: Population=865, Households=484
Simulation complete. Final population: 865
Creating synthetic realistic Polish population of 1000 citizens...
  Created 996 citizens in 400 households
  Created 4 zones with environmental parameters
Starting simulation for 120 months (10.0 years)
Initial population: 996 citizens
Year 1: Population=958, Households=415
Year 5: Population=882, Households=435
Year 10: Population=833, Households=479
Simulation complete. Final population: 833
Creating synthetic realistic Polish population of 1000 citizens...
  Created 996 citizens in 400 households
  Created 4 zones with environmental parameters
Starting simulation for 120 months (10.0 years)
Initial population: 996 citizens
Year 1: Population=981, Households=416
Year 5: Population=948, Households=439
Year 10: Population=903, Households=475
Simulation complete. Final population: 903
Creating synthetic realistic Polish population of 1000 citizens...
  Created 996 citizens in 400 households
  Created 4 zones with environmental parameters
Starting simulation for 120 months (10.0 years)
Initial population: 996 citizens
Year 1: Population=963, Households=414
Year 5: Population=887, Households=449
Year 10: Population=819, Households=487
Simulation complete. Final population: 819
Creating synthetic realistic Polish population of 1000 citizens...
  Created 996 citizens in 400 households
  Created 4 zones with environmental parameters
Starting simulation for 120 months (10.0 years)
Initial population: 996 citizens
Year 1: Population=948, Households=413
Year 5: Population=863, Households=438
Year 10: Population=769, Households=483
Simulation complete. Final population: 769
Creating synthetic realistic Polish population of 1000 citizens...
  Created 996 citizens in 400 households
  Created 4 zones with environmental parameters
Starting simulation for 120 months (10.0 years)
Initial population: 996 citizens
Year 1: Population=946, Households=412
Year 5: Population=848, Households=443
Year 10: Population=758, Households=475
Simulation complete. Final population: 758
Creating synthetic realistic Polish population of 1000 citizens...
  Created 996 citizens in 400 households
  Created 4 zones with environmental parameters
Starting simulation for 120 months (10.0 years)
Initial population: 996 citizens
Year 1: Population=987, Households=413
Year 5: Population=953, Households=443
Year 10: Population=907, Households=491
Simulation complete. Final population: 907
Creating synthetic realistic Polish population of 1000 citizens...
  Created 996 citizens in 400 households
  Created 4 zones with environmental parameters
Starting simulation for 120 months (10.0 years)
Initial population: 996 citizens
Year 1: Population=960, Households=413
Year 5: Population=906, Households=447
Year 10: Population=837, Households=503
Simulation complete. Final population: 837
Creating synthetic realistic Polish population of 1000 citizens...
  Created 996 citizens in 400 households
  Created 4 zones with environmental parameters
Starting simulation for 120 months (10.0 years)
Initial population: 996 citizens
Year 1: Population=948, Households=412
Year 5: Population=881, Households=433
Year 10: Population=803, Households=469
Simulation complete. Final population: 803
Creating synthetic realistic Polish population of 1000 citizens...
  Created 996 citizens in 400 households
  Created 4 zones with environmental parameters
Starting simulation for 120 months (10.0 years)
Initial population: 996 citizens
Year 1: Population=955, Households=412
Year 5: Population=859, Households=435
Year 10: Population=781, Households=470
Simulation complete. Final population: 781
Creating synthetic realistic Polish population of 1000 citizens...
  Created 996 citizens in 400 households
  Created 4 zones with environmental parameters
Starting simulation for 120 months (10.0 years)
Initial population: 996 citizens
Year 1: Population=988, Households=412
Year 5: Population=978, Households=446
Year 10: Population=927, Households=502
Simulation complete. Final population: 927
Creating synthetic realistic Polish population of 1000 citizens...
  Created 996 citizens in 400 households
  Created 4 zones with environmental parameters
Starting simulation for 120 months (10.0 years)
Initial population: 996 citizens
Year 1: Population=965, Households=413
Year 5: Population=926, Households=457
Year 10: Population=872, Households=502
Simulation complete. Final population: 872
Creating synthetic realistic Polish population of 1000 citizens...
  Created 996 citizens in 400 households
  Created 4 zones with environmental parameters
Starting simulation for 120 months (10.0 years)
Initial population: 996 citizens
Year 1: Population=948, Households=412
Year 5: Population=892, Households=441
Year 10: Population=826, Households=484
Simulation complete. Final population: 826
Creating synthetic realistic Polish population of 1000 citizens...
  Created 996 citizens in 400 households
  Created 4 zones with environmental parameters
Starting simulation for 120 months (10.0 years)
Initial population: 996 citizens
Year 1: Population=954, Households=412
Year 5: Population=846, Households=429
Year 10: Population=789, Households=459
Simulation complete. Final population: 789
Creating synthetic realistic Polish population of 1000 citizens...
  Created 996 citizens in 400 households
  Created 4 zones with environmental parameters
Starting simulation for 120 months (10.0 years)
Initial population: 996 citizens
Year 1: Population=991, Households=412
Year 5: Population=990, Households=454
Year 10: Population=956, Households=496
Simulation complete. Final population: 956
Creating synthetic realistic Polish population of 1000 citizens...
  Created 996 citizens in 400 households
  Created 4 zones with environmental parameters
Starting simulation for 120 months (10.0 years)
Initial population: 996 citizens
Year 1: Population=968, Households=412
Year 5: Population=937, Households=446
Year 10: Population=910, Households=486
Simulation complete. Final population: 910
Creating synthetic realistic Polish population of 1000 citizens...
  Created 996 citizens in 400 households
  Created 4 zones with environmental parameters
Starting simulation for 120 months (10.0 years)
Initial population: 996 citizens
Year 1: Population=952, Households=412
Year 5: Population=907, Households=441
Year 10: Population=860, Households=478
Simulation complete. Final population: 860
Creating synthetic realistic Polish population of 1000 citizens...
  Created 996 citizens in 400 households
  Created 4 zones with environmental parameters
Starting simulation for 120 months (10.0 years)
Initial population: 996 citizens
Year 1: Population=955, Households=409
Year 5: Population=876, Households=436
Year 10: Population=825, Households=473
Simulation complete. Final population: 825
Creating synthetic realistic Polish population of 1000 citizens...
  Created 996 citizens in 400 households
  Created 4 zones with environmental parameters
Starting simulation for 120 months (10.0 years)
Initial population: 996 citizens
Year 1: Population=981, Households=415
Year 5: Population=935, Households=448
Year 10: Population=872, Households=495
Simulation complete. Final population: 872
Creating synthetic realistic Polish population of 1000 citizens...
  Created 996 citizens in 400 households
  Created 4 zones with environmental parameters
Starting simulation for 120 months (10.0 years)
Initial population: 996 citizens
Year 1: Population=961, Households=414
Year 5: Population=882, Households=447
Year 10: Population=807, Households=480
Simulation complete. Final population: 807
Creating synthetic realistic Polish population of 1000 citizens...
  Created 996 citizens in 400 households
  Created 4 zones with environmental parameters
Starting simulation for 120 months (10.0 years)
Initial population: 996 citizens
Year 1: Population=952, Households=412
Year 5: Population=855, Households=440
Year 10: Population=775, Households=481
Simulation complete. Final population: 775
Creating synthetic realistic Polish population of 1000 citizens...
  Created 996 citizens in 400 households
  Created 4 zones with environmental parameters
Starting simulation for 120 months (10.0 years)
Initial population: 996 citizens
Year 1: Population=940, Households=412
Year 5: Population=821, Households=445
Year 10: Population=739, Households=477
Simulation complete. Final population: 739
Creating synthetic realistic Polish population of 1000 citizens...
  Created 996 citizens in 400 households
  Created 4 zones with environmental parameters
Starting simulation for 120 months (10.0 years)
Initial population: 996 citizens
Year 1: Population=981, Households=415
Year 5: Population=942, Households=444
Year 10: Population=898, Households=498
Simulation complete. Final population: 898
Creating synthetic realistic Polish population of 1000 citizens...
  Created 996 citizens in 400 households
  Created 4 zones with environmental parameters
Starting simulation for 120 months (10.0 years)
Initial population: 996 citizens
Year 1: Population=957, Households=413
Year 5: Population=903, Households=444
Year 10: Population=834, Households=481
Simulation complete. Final population: 834
Creating synthetic realistic Polish population of 1000 citizens...
  Created 996 citizens in 400 households
  Created 4 zones with environmental parameters
Starting simulation for 120 months (10.0 years)
Initial population: 996 citizens
Year 1: Population=951, Households=414
Year 5: Population=876, Households=437
Year 10: Population=811, Households=471
Simulation complete. Final population: 811
Creating synthetic realistic Polish population of 1000 citizens...
  Created 996 citizens in 400 households
  Created 4 zones with environmental parameters
Starting simulation for 120 months (10.0 years)
Initial population: 996 citizens
Year 1: Population=941, Households=411
Year 5: Population=841, Households=443
Year 10: Population=761, Households=483
Simulation complete. Final population: 761
Creating synthetic realistic Polish population of 1000 citizens...
  Created 996 citizens in 400 households
  Created 4 zones with environmental parameters
Starting simulation for 120 months (10.0 years)
Initial population: 996 citizens
Year 1: Population=985, Households=413
Year 5: Population=964, Households=448
Year 10: Population=919, Households=495
Simulation complete. Final population: 919
Creating synthetic realistic Polish population of 1000 citizens...
  Created 996 citizens in 400 households
  Created 4 zones with environmental parameters
Starting simulation for 120 months (10.0 years)
Initial population: 996 citizens
Year 1: Population=966, Households=414
Year 5: Population=907, Households=439
Year 10: Population=860, Households=478
Simulation complete. Final population: 860
Creating synthetic realistic Polish population of 1000 citizens...
  Created 996 citizens in 400 households
  Created 4 zones with environmental parameters
Starting simulation for 120 months (10.0 years)
Initial population: 996 citizens
Year 1: Population=951, Households=414
Year 5: Population=885, Households=441
Year 10: Population=828, Households=477
Simulation complete. Final population: 828
Creating synthetic realistic Polish population of 1000 citizens...
  Created 996 citizens in 400 households
  Created 4 zones with environmental parameters
Starting simulation for 120 months (10.0 years)
Initial population: 996 citizens
Year 1: Population=947, Households=408
Year 5: Population=839, Households=443
Year 10: Population=784, Households=476
Simulation complete. Final population: 784
Creating synthetic realistic Polish population of 1000 citizens...
  Created 996 citizens in 400 households
  Created 4 zones with environmental parameters
Starting simulation for 120 months (10.0 years)
Initial population: 996 citizens
Year 1: Population=986, Households=413
Year 5: Population=985, Households=447
Year 10: Population=969, Households=492
Simulation complete. Final population: 969
Creating synthetic realistic Polish population of 1000 citizens...
  Created 996 citizens in 400 households
  Created 4 zones with environmental parameters
Starting simulation for 120 months (10.0 years)
Initial population: 996 citizens
Year 1: Population=964, Households=414
Year 5: Population=914, Households=448
Year 10: Population=862, Households=488
Simulation complete. Final population: 862
Creating synthetic realistic Polish population of 1000 citizens...
  Created 996 citizens in 400 households
  Created 4 zones with environmental parameters
Starting simulation for 120 months (10.0 years)
Initial population: 996 citizens
Year 1: Population=958, Households=412
Year 5: Population=886, Households=439
Year 10: Population=826, Households=469
Simulation complete. Final population: 826
Creating synthetic realistic Polish population of 1000 citizens...
  Created 996 citizens in 400 households
  Created 4 zones with environmental parameters
Starting simulation for 120 months (10.0 years)
Initial population: 996 citizens
Year 1: Population=948, Households=408
Year 5: Population=866, Households=440
Year 10: Population=821, Households=473
Simulation complete. Final population: 821
Creating synthetic realistic Polish population of 1000 citizens...
  Created 996 citizens in 400 households
  Created 4 zones with environmental parameters
Starting simulation for 120 months (10.0 years)
Initial population: 996 citizens
Year 1: Population=993, Households=408
Year 5: Population=983, Households=446
Year 10: Population=948, Households=495
Simulation complete. Final population: 948
Creating synthetic realistic Polish population of 1000 citizens...
  Created 996 citizens in 400 households
  Created 4 zones with environmental parameters
Starting simulation for 120 months (10.0 years)
Initial population: 996 citizens
Year 1: Population=981, Households=416
Year 5: Population=948, Households=439
Year 10: Population=908, Households=480
Simulation complete. Final population: 908
Creating synthetic realistic Polish population of 1000 citizens...
  Created 996 citizens in 400 households
  Created 4 zones with environmental parameters
Starting simulation for 120 months (10.0 years)
Initial population: 996 citizens
Year 1: Population=971, Households=414
Year 5: Population=910, Households=440
Year 10: Population=851, Households=475
Simulation complete. Final population: 851
Creating synthetic realistic Polish population of 1000 citizens...
  Created 996 citizens in 400 households
  Created 4 zones with environmental parameters
Starting simulation for 120 months (10.0 years)
Initial population: 996 citizens
Year 1: Population=958, Households=412
Year 5: Population=894, Households=443
Year 10: Population=831, Households=478
Simulation complete. Final population: 831
Creating synthetic realistic Polish population of 1000 citizens...
  Created 996 citizens in 400 households
  Created 4 zones with environmental parameters
Starting simulation for 120 months (10.0 years)
Initial population: 996 citizens
Year 1: Population=999, Households=410
Year 5: Population=1001, Households=441
Year 10: Population=986, Households=477
Simulation complete. Final population: 986
Creating synthetic realistic Polish population of 1000 citizens...
  Created 996 citizens in 400 households
  Created 4 zones with environmental parameters
Starting simulation for 120 months (10.0 years)
Initial population: 996 citizens
Year 1: Population=987, Households=413
Year 5: Population=970, Households=443
Year 10: Population=926, Households=486
Simulation complete. Final population: 926
Creating synthetic realistic Polish population of 1000 citizens...
  Created 996 citizens in 400 households
  Created 4 zones with environmental parameters
Starting simulation for 120 months (10.0 years)
Initial population: 996 citizens
Year 1: Population=971, Households=414
Year 5: Population=931, Households=446
Year 10: Population=876, Households=490
Simulation complete. Final population: 876
Creating synthetic realistic Polish population of 1000 citizens...
  Created 996 citizens in 400 households
  Created 4 zones with environmental parameters
Starting simulation for 120 months (10.0 years)
Initial population: 996 citizens
Year 1: Population=960, Households=413
Year 5: Population=916, Households=443
Year 10: Population=850, Households=485
Simulation complete. Final population: 850
Creating synthetic realistic Polish population of 1000 citizens...
  Created 996 citizens in 400 households
  Created 4 zones with environmental parameters
Starting simulation for 120 months (10.0 years)
Initial population: 996 citizens
Year 1: Population=999, Households=410
Year 5: Population=1018, Households=446
Year 10: Population=995, Households=482
Simulation complete. Final population: 995
Creating synthetic realistic Polish population of 1000 citizens...
  Created 996 citizens in 400 households
  Created 4 zones with environmental parameters
Starting simulation for 120 months (10.0 years)
Initial population: 996 citizens
Year 1: Population=988, Households=412
Year 5: Population=990, Households=451
Year 10: Population=954, Households=491
Simulation complete. Final population: 954
Creating synthetic realistic Polish population of 1000 citizens...
  Created 996 citizens in 400 households
  Created 4 zones with environmental parameters
Starting simulation for 120 months (10.0 years)
Initial population: 996 citizens
Year 1: Population=983, Households=413
Year 5: Population=947, Households=443
Year 10: Population=926, Households=481
Simulation complete. Final population: 926
Creating synthetic realistic Polish population of 1000 citizens...
  Created 996 citizens in 400 households
  Created 4 zones with environmental parameters
Starting simulation for 120 months (10.0 years)
Initial population: 996 citizens
Year 1: Population=965, Households=413
Year 5: Population=939, Households=452
Year 10: Population=884, Households=499
Simulation complete. Final population: 884
Creating synthetic realistic Polish population of 1000 citizens...
  Created 996 citizens in 400 households
  Created 4 zones with environmental parameters
Starting simulation for 120 months (10.0 years)
Initial population: 996 citizens
Year 1: Population=1002, Households=408
Year 5: Population=1026, Households=451
Year 10: Population=1039, Households=508
Simulation complete. Final population: 1039
Creating synthetic realistic Polish population of 1000 citizens...
  Created 996 citizens in 400 households
  Created 4 zones with environmental parameters
Starting simulation for 120 months (10.0 years)
Initial population: 996 citizens
Year 1: Population=991, Households=410
Year 5: Population=1009, Households=451
Year 10: Population=992, Households=496
Simulation complete. Final population: 992
Creating synthetic realistic Polish population of 1000 citizens...
  Created 996 citizens in 400 households
  Created 4 zones with environmental parameters
Starting simulation for 120 months (10.0 years)
Initial population: 996 citizens
Year 1: Population=985, Households=416
Year 5: Population=957, Households=443
Year 10: Population=935, Households=478
Simulation complete. Final population: 935
Creating synthetic realistic Polish population of 1000 citizens...
  Created 996 citizens in 400 households
  Created 4 zones with environmental parameters
Starting simulation for 120 months (10.0 years)
Initial population: 996 citizens
Year 1: Population=970, Households=412
Year 5: Population=931, Households=449
Year 10: Population=898, Households=491
Simulation complete. Final population: 898
Creating synthetic realistic Polish population of 1000 citizens...
  Created 996 citizens in 400 households
  Created 4 zones with environmental parameters
Starting simulation for 120 months (10.0 years)
Initial population: 996 citizens
Year 1: Population=992, Households=408
Year 5: Population=964, Households=449
Year 10: Population=925, Households=497
Simulation complete. Final population: 925
Creating synthetic realistic Polish population of 1000 citizens...
  Created 996 citizens in 400 households
  Created 4 zones with environmental parameters
Starting simulation for 120 months (10.0 years)
Initial population: 996 citizens
Year 1: Population=976, Households=414
Year 5: Population=940, Households=446
Year 10: Population=872, Households=488
Simulation complete. Final population: 872
Creating synthetic realistic Polish population of 1000 citizens...
  Created 996 citizens in 400 households
  Created 4 zones with environmental parameters
Starting simulation for 120 months (10.0 years)
Initial population: 996 citizens
Year 1: Population=958, Households=412
Year 5: Population=894, Households=443
Year 10: Population=831, Households=478
Simulation complete. Final population: 831
Creating synthetic realistic Polish population of 1000 citizens...
  Created 996 citizens in 400 households
  Created 4 zones with environmental parameters
Starting simulation for 120 months (10.0 years)
Initial population: 996 citizens
Year 1: Population=952, Households=412
Year 5: Population=861, Households=447
Year 10: Population=786, Households=480
Simulation complete. Final population: 786
Creating synthetic realistic Polish population of 1000 citizens...
  Created 996 citizens in 400 households
  Created 4 zones with environmental parameters
Starting simulation for 120 months (10.0 years)
Initial population: 996 citizens
Year 1: Population=992, Households=413
Year 5: Population=989, Households=450
Year 10: Population=962, Households=483
Simulation complete. Final population: 962
Creating synthetic realistic Polish population of 1000 citizens...
  Created 996 citizens in 400 households
  Created 4 zones with environmental parameters
Starting simulation for 120 months (10.0 years)
Initial population: 996 citizens
Year 1: Population=976, Households=414
Year 5: Population=951, Households=441
Year 10: Population=908, Households=489
Simulation complete. Final population: 908
Creating synthetic realistic Polish population of 1000 citizens...
  Created 996 citizens in 400 households
  Created 4 zones with environmental parameters
Starting simulation for 120 months (10.0 years)
Initial population: 996 citizens
Year 1: Population=960, Households=413
Year 5: Population=916, Households=443
Year 10: Population=850, Households=485
Simulation complete. Final population: 850
Creating synthetic realistic Polish population of 1000 citizens...
  Created 996 citizens in 400 households
  Created 4 zones with environmental parameters
Starting simulation for 120 months (10.0 years)
Initial population: 996 citizens
Year 1: Population=962, Households=410
Year 5: Population=884, Households=449
Year 10: Population=813, Households=490
Simulation complete. Final population: 813
Creating synthetic realistic Polish population of 1000 citizens...
  Created 996 citizens in 400 households
  Created 4 zones with environmental parameters
Starting simulation for 120 months (10.0 years)
Initial population: 996 citizens
Year 1: Population=995, Households=413
Year 5: Population=987, Households=447
Year 10: Population=990, Households=484
Simulation complete. Final population: 990
Creating synthetic realistic Polish population of 1000 citizens...
  Created 996 citizens in 400 households
  Created 4 zones with environmental parameters
Starting simulation for 120 months (10.0 years)
Initial population: 996 citizens
Year 1: Population=977, Households=414
Year 5: Population=962, Households=442
Year 10: Population=921, Households=481
Simulation complete. Final population: 921
Creating synthetic realistic Polish population of 1000 citizens...
  Created 996 citizens in 400 households
  Created 4 zones with environmental parameters
Starting simulation for 120 months (10.0 years)
Initial population: 996 citizens
Year 1: Population=965, Households=413
Year 5: Population=939, Households=452
Year 10: Population=884, Households=499
Simulation complete. Final population: 884
Creating synthetic realistic Polish population of 1000 citizens...
  Created 996 citizens in 400 households
  Created 4 zones with environmental parameters
Starting simulation for 120 months (10.0 years)
Initial population: 996 citizens
Year 1: Population=957, Households=409
Year 5: Population=910, Households=444
Year 10: Population=854, Households=476
Simulation complete. Final population: 854
Creating synthetic realistic Polish population of 1000 citizens...
  Created 996 citizens in 400 households
  Created 4 zones with environmental parameters
Starting simulation for 120 months (10.0 years)
Initial population: 996 citizens
Year 1: Population=998, Households=411
Year 5: Population=1016, Households=451
Year 10: Population=1005, Households=486
Simulation complete. Final population: 1005
Creating synthetic realistic Polish population of 1000 citizens...
  Created 996 citizens in 400 households
  Created 4 zones with environmental parameters
Starting simulation for 120 months (10.0 years)
Initial population: 996 citizens
Year 1: Population=983, Households=416
Year 5: Population=954, Households=443
Year 10: Population=934, Households=471
Simulation complete. Final population: 934
Creating synthetic realistic Polish population of 1000 citizens...
  Created 996 citizens in 400 households
  Created 4 zones with environmental parameters
Starting simulation for 120 months (10.0 years)
Initial population: 996 citizens
Year 1: Population=970, Households=412
Year 5: Population=931, Households=449
Year 10: Population=898, Households=491
Simulation complete. Final population: 898
Creating synthetic realistic Polish population of 1000 citizens...
  Created 996 citizens in 400 households
  Created 4 zones with environmental parameters
Starting simulation for 120 months (10.0 years)
Initial population: 996 citizens
Year 1: Population=964, Households=409
Year 5: Population=915, Households=437
Year 10: Population=886, Households=471
Simulation complete. Final population: 886
Creating synthetic realistic Polish population of 1000 citizens...
  Created 996 citizens in 400 households
  Created 4 zones with environmental parameters
Starting simulation for 120 months (10.0 years)
Initial population: 996 citizens
Year 1: Population=984, Households=410
Year 5: Population=952, Households=436
Year 10: Population=911, Households=475
Simulation complete. Final population: 911
Creating synthetic realistic Polish population of 1000 citizens...
  Created 996 citizens in 400 households
  Created 4 zones with environmental parameters
Starting simulation for 120 months (10.0 years)
Initial population: 996 citizens
Year 1: Population=967, Households=414
Year 5: Population=914, Households=443
Year 10: Population=843, Households=477
Simulation complete. Final population: 843
Creating synthetic realistic Polish population of 1000 citizens...
  Created 996 citizens in 400 households
  Created 4 zones with environmental parameters
Starting simulation for 120 months (10.0 years)
Initial population: 996 citizens
Year 1: Population=951, Households=414
Year 5: Population=883, Households=450
Year 10: Population=803, Households=489
Simulation complete. Final population: 803
Creating synthetic realistic Polish population of 1000 citizens...
  Created 996 citizens in 400 households
  Created 4 zones with environmental parameters
Starting simulation for 120 months (10.0 years)
Initial population: 996 citizens
Year 1: Population=954, Households=412
Year 5: Population=864, Households=437
Year 10: Population=773, Households=473
Simulation complete. Final population: 773
Creating synthetic realistic Polish population of 1000 citizens...
  Created 996 citizens in 400 households
  Created 4 zones with environmental parameters
Starting simulation for 120 months (10.0 years)
Initial population: 996 citizens
Year 1: Population=991, Households=413
Year 5: Population=961, Households=447
Year 10: Population=914, Households=498
Simulation complete. Final population: 914
Creating synthetic realistic Polish population of 1000 citizens...
  Created 996 citizens in 400 households
  Created 4 zones with environmental parameters
Starting simulation for 120 months (10.0 years)
Initial population: 996 citizens
Year 1: Population=971, Households=416
Year 5: Population=931, Households=437
Year 10: Population=875, Households=474
Simulation complete. Final population: 875
Creating synthetic realistic Polish population of 1000 citizens...
  Created 996 citizens in 400 households
  Created 4 zones with environmental parameters
Starting simulation for 120 months (10.0 years)
Initial population: 996 citizens
Year 1: Population=957, Households=412
Year 5: Population=893, Households=442
Year 10: Population=836, Households=479
Simulation complete. Final population: 836
Creating synthetic realistic Polish population of 1000 citizens...
  Created 996 citizens in 400 households
  Created 4 zones with environmental parameters
Starting simulation for 120 months (10.0 years)
Initial population: 996 citizens
Year 1: Population=952, Households=414
Year 5: Population=871, Households=440
Year 10: Population=799, Households=485
Simulation complete. Final population: 799
Creating synthetic realistic Polish population of 1000 citizens...
  Created 996 citizens in 400 households
  Created 4 zones with environmental parameters
Starting simulation for 120 months (10.0 years)
Initial population: 996 citizens
Year 1: Population=994, Households=413
Year 5: Population=980, Households=468
Year 10: Population=970, Households=513
Simulation complete. Final population: 970
Creating synthetic realistic Polish population of 1000 citizens...
  Created 996 citizens in 400 households
  Created 4 zones with environmental parameters
Starting simulation for 120 months (10.0 years)
Initial population: 996 citizens
Year 1: Population=971, Households=411
Year 5: Population=938, Households=443
Year 10: Population=903, Households=479
Simulation complete. Final population: 903
Creating synthetic realistic Polish population of 1000 citizens...
  Created 996 citizens in 400 households
  Created 4 zones with environmental parameters
Starting simulation for 120 months (10.0 years)
Initial population: 996 citizens
Year 1: Population=966, Households=412
Year 5: Population=912, Households=441
Year 10: Population=858, Households=472
Simulation complete. Final population: 858
Creating synthetic realistic Polish population of 1000 citizens...
  Created 996 citizens in 400 households
  Created 4 zones with environmental parameters
Starting simulation for 120 months (10.0 years)
Initial population: 996 citizens
Year 1: Population=956, Households=414
Year 5: Population=890, Households=438
Year 10: Population=822, Households=471
Simulation complete. Final population: 822
Creating synthetic realistic Polish population of 1000 citizens...
  Created 996 citizens in 400 households
  Created 4 zones with environmental parameters
Starting simulation for 120 months (10.0 years)
Initial population: 996 citizens
Year 1: Population=998, Households=411
Year 5: Population=1001, Households=453
Year 10: Population=977, Households=506
Simulation complete. Final population: 977
Creating synthetic realistic Polish population of 1000 citizens...
  Created 996 citizens in 400 households
  Created 4 zones with environmental parameters
Starting simulation for 120 months (10.0 years)
Initial population: 996 citizens
Year 1: Population=972, Households=411
Year 5: Population=953, Households=438
Year 10: Population=889, Households=477
Simulation complete. Final population: 889
Creating synthetic realistic Polish population of 1000 citizens...
  Created 996 citizens in 400 households
  Created 4 zones with environmental parameters
Starting simulation for 120 months (10.0 years)
Initial population: 996 citizens
Year 1: Population=965, Households=413
Year 5: Population=914, Households=452
Year 10: Population=863, Households=490
Simulation complete. Final population: 863
Creating synthetic realistic Polish population of 1000 citizens...
  Created 996 citizens in 400 households
  Created 4 zones with environmental parameters
Starting simulation for 120 months (10.0 years)
Initial population: 996 citizens
Year 1: Population=960, Households=411
Year 5: Population=888, Households=440
Year 10: Population=844, Households=462
Simulation complete. Final population: 844
Creating synthetic realistic Polish population of 1000 citizens...
  Created 996 citizens in 400 households
  Created 4 zones with environmental parameters
Starting simulation for 120 months (10.0 years)
Initial population: 996 citizens
Year 1: Population=981, Households=416
Year 5: Population=948, Households=439
Year 10: Population=908, Households=480
Simulation complete. Final population: 908
Creating synthetic realistic Polish population of 1000 citizens...
  Created 996 citizens in 400 households
  Created 4 zones with environmental parameters
Starting simulation for 120 months (10.0 years)
Initial population: 996 citizens
Year 1: Population=958, Households=412
Year 5: Population=894, Households=443
Year 10: Population=831, Households=478
Simulation complete. Final population: 831
Creating synthetic realistic Polish population of 1000 citizens...
  Created 996 citizens in 400 households
  Created 4 zones with environmental parameters
Starting simulation for 120 months (10.0 years)
Initial population: 996 citizens
Year 1: Population=952, Households=414
Year 5: Population=882, Households=444
Year 10: Population=794, Households=480
Simulation complete. Final population: 794
Creating synthetic realistic Polish population of 1000 citizens...
  Created 996 citizens in 400 households
  Created 4 zones with environmental parameters
Starting simulation for 120 months (10.0 years)
Initial population: 996 citizens
Year 1: Population=946, Households=412
Year 5: Population=855, Households=447
Year 10: Population=771, Households=483
Simulation complete. Final population: 771
Creating synthetic realistic Polish population of 1000 citizens...
  Created 996 citizens in 400 households
  Created 4 zones with environmental parameters
Starting simulation for 120 months (10.0 years)
Initial population: 996 citizens
Year 1: Population=987, Households=413
Year 5: Population=970, Households=443
Year 10: Population=926, Households=486
Simulation complete. Final population: 926
Creating synthetic realistic Polish population of 1000 citizens...
  Created 996 citizens in 400 households
  Created 4 zones with environmental parameters
Starting simulation for 120 months (10.0 years)
Initial population: 996 citizens
Year 1: Population=960, Households=413
Year 5: Population=916, Households=443
Year 10: Population=850, Households=485
Simulation complete. Final population: 850
Creating synthetic realistic Polish population of 1000 citizens...
  Created 996 citizens in 400 households
  Created 4 zones with environmental parameters
Starting simulation for 120 months (10.0 years)
Initial population: 996 citizens
Year 1: Population=948, Households=412
Year 5: Population=873, Households=436
Year 10: Population=809, Households=466
Simulation complete. Final population: 809
Creating synthetic realistic Polish population of 1000 citizens...
  Created 996 citizens in 400 households
  Created 4 zones with environmental parameters
Starting simulation for 120 months (10.0 years)
Initial population: 996 citizens
Year 1: Population=953, Households=412
Year 5: Population=862, Households=442
Year 10: Population=801, Households=480
Simulation complete. Final population: 801
Creating synthetic realistic Polish population of 1000 citizens...
  Created 996 citizens in 400 households
  Created 4 zones with environmental parameters
Starting simulation for 120 months (10.0 years)
Initial population: 996 citizens
Year 1: Population=988, Households=412
Year 5: Population=990, Households=451
Year 10: Population=954, Households=491
Simulation complete. Final population: 954
Creating synthetic realistic Polish population of 1000 citizens...
  Created 996 citizens in 400 households
  Created 4 zones with environmental parameters
Starting simulation for 120 months (10.0 years)
Initial population: 996 citizens
Year 1: Population=965, Households=413
Year 5: Population=939, Households=452
Year 10: Population=884, Households=499
Simulation complete. Final population: 884
Creating synthetic realistic Polish population of 1000 citizens...
  Created 996 citizens in 400 households
  Created 4 zones with environmental parameters
Starting simulation for 120 months (10.0 years)
Initial population: 996 citizens
Year 1: Population=951, Households=412
Year 5: Population=901, Households=446
Year 10: Population=829, Households=485
Simulation complete. Final population: 829
Creating synthetic realistic Polish population of 1000 citizens...
  Created 996 citizens in 400 households
  Created 4 zones with environmental parameters
Starting simulation for 120 months (10.0 years)
Initial population: 996 citizens
Year 1: Population=954, Households=412
Year 5: Population=868, Households=438
Year 10: Population=803, Households=478
Simulation complete. Final population: 803
Creating synthetic realistic Polish population of 1000 citizens...
  Created 996 citizens in 400 households
  Created 4 zones with environmental parameters
Starting simulation for 120 months (10.0 years)
Initial population: 996 citizens
Year 1: Population=991, Households=410
Year 5: Population=1009, Households=451
Year 10: Population=992, Households=496
Simulation complete. Final population: 992
Creating synthetic realistic Polish population of 1000 citizens...
  Created 996 citizens in 400 households
  Created 4 zones with environmental parameters
Starting simulation for 120 months (10.0 years)
Initial population: 996 citizens
Year 1: Population=970, Households=412
Year 5: Population=931, Households=449
Year 10: Population=898, Households=491
Simulation complete. Final population: 898
Creating synthetic realistic Polish population of 1000 citizens...
  Created 996 citizens in 400 households
  Created 4 zones with environmental parameters
Starting simulation for 120 months (10.0 years)
Initial population: 996 citizens
Year 1: Population=964, Households=410
Year 5: Population=903, Households=437
Year 10: Population=854, Households=468
Simulation complete. Final population: 854
Creating synthetic realistic Polish population of 1000 citizens...
  Created 996 citizens in 400 households
  Created 4 zones with environmental parameters
Starting simulation for 120 months (10.0 years)
Initial population: 996 citizens
Year 1: Population=955, Households=409
Year 5: Population=879, Households=434
Year 10: Population=821, Households=468
Simulation complete. Final population: 821
Creating synthetic realistic Polish population of 1000 citizens...
  Created 996 citizens in 400 households
  Created 4 zones with environmental parameters
Starting simulation for 120 months (10.0 years)
Initial population: 996 citizens
Year 1: Population=981, Households=415
Year 5: Population=939, Households=444
Year 10: Population=875, Households=489
Simulation complete. Final population: 875
Creating synthetic realistic Polish population of 1000 citizens...
  Created 996 citizens in 400 households
  Created 4 zones with environmental parameters
Starting simulation for 120 months (10.0 years)
Initial population: 996 citizens
Year 1: Population=957, Households=414
Year 5: Population=875, Households=445
Year 10: Population=788, Households=480
Simulation complete. Final population: 788
Creating synthetic realistic Polish population of 1000 citizens...
  Created 996 citizens in 400 households
  Created 4 zones with environmental parameters
Starting simulation for 120 months (10.0 years)
Initial population: 996 citizens
Year 1: Population=952, Households=412
Year 5: Population=852, Households=438
Year 10: Population=772, Households=474
Simulation complete. Final population: 772
Creating synthetic realistic Polish population of 1000 citizens...
  Created 996 citizens in 400 households
  Created 4 zones with environmental parameters
Starting simulation for 120 months (10.0 years)
Initial population: 996 citizens
Year 1: Population=941, Households=413
Year 5: Population=820, Households=442
Year 10: Population=732, Households=482
Simulation complete. Final population: 732
Creating synthetic realistic Polish population of 1000 citizens...
  Created 996 citizens in 400 households
  Created 4 zones with environmental parameters
Starting simulation for 120 months (10.0 years)
Initial population: 996 citizens
Year 1: Population=982, Households=415
Year 5: Population=949, Households=450
Year 10: Population=918, Households=501
Simulation complete. Final population: 918
Creating synthetic realistic Polish population of 1000 citizens...
  Created 996 citizens in 400 households
  Created 4 zones with environmental parameters
Starting simulation for 120 months (10.0 years)
Initial population: 996 citizens
Year 1: Population=957, Households=413
Year 5: Population=888, Households=445
Year 10: Population=820, Households=486
Simulation complete. Final population: 820
Creating synthetic realistic Polish population of 1000 citizens...
  Created 996 citizens in 400 households
  Created 4 zones with environmental parameters
Starting simulation for 120 months (10.0 years)
Initial population: 996 citizens
Year 1: Population=951, Households=414
Year 5: Population=864, Households=437
Year 10: Population=797, Households=476
Simulation complete. Final population: 797
Creating synthetic realistic Polish population of 1000 citizens...
  Created 996 citizens in 400 households
  Created 4 zones with environmental parameters
Starting simulation for 120 months (10.0 years)
Initial population: 996 citizens
Year 1: Population=947, Households=408
Year 5: Population=864, Households=443
Year 10: Population=780, Households=478
Simulation complete. Final population: 780
Creating synthetic realistic Polish population of 1000 citizens...
  Created 996 citizens in 400 households
  Created 4 zones with environmental parameters
Starting simulation for 120 months (10.0 years)
Initial population: 996 citizens
Year 1: Population=986, Households=413
Year 5: Population=969, Households=455
Year 10: Population=943, Households=498
Simulation complete. Final population: 943
Creating synthetic realistic Polish population of 1000 citizens...
  Created 996 citizens in 400 households
  Created 4 zones with environmental parameters
Starting simulation for 120 months (10.0 years)
Initial population: 996 citizens
Year 1: Population=964, Households=414
Year 5: Population=921, Households=448
Year 10: Population=871, Households=482
Simulation complete. Final population: 871
Creating synthetic realistic Polish population of 1000 citizens...
  Created 996 citizens in 400 households
  Created 4 zones with environmental parameters
Starting simulation for 120 months (10.0 years)
Initial population: 996 citizens
Year 1: Population=955, Households=414
Year 5: Population=885, Households=439
Year 10: Population=808, Households=478
Simulation complete. Final population: 808
Creating synthetic realistic Polish population of 1000 citizens...
  Created 996 citizens in 400 households
  Created 4 zones with environmental parameters
Starting simulation for 120 months (10.0 years)
Initial population: 996 citizens
Year 1: Population=948, Households=408
Year 5: Population=870, Households=440
Year 10: Population=792, Households=473
Simulation complete. Final population: 792
Creating synthetic realistic Polish population of 1000 citizens...
  Created 996 citizens in 400 households
  Created 4 zones with environmental parameters
Starting simulation for 120 months (10.0 years)
Initial population: 996 citizens
Year 1: Population=986, Households=414
Year 5: Population=979, Households=447
Year 10: Population=954, Households=500
Simulation complete. Final population: 954
Creating synthetic realistic Polish population of 1000 citizens...
  Created 996 citizens in 400 households
  Created 4 zones with environmental parameters
Starting simulation for 120 months (10.0 years)
Initial population: 996 citizens
Year 1: Population=969, Households=414
Year 5: Population=925, Households=448
Year 10: Population=889, Households=477
Simulation complete. Final population: 889
Creating synthetic realistic Polish population of 1000 citizens...
  Created 996 citizens in 400 households
  Created 4 zones with environmental parameters
Starting simulation for 120 months (10.0 years)
Initial population: 996 citizens
Year 1: Population=959, Households=411
Year 5: Population=897, Households=440
Year 10: Population=860, Households=470
Simulation complete. Final population: 860
Creating synthetic realistic Polish population of 1000 citizens...
  Created 996 citizens in 400 households
  Created 4 zones with environmental parameters
Starting simulation for 120 months (10.0 years)
Initial population: 996 citizens
Year 1: Population=948, Households=408
Year 5: Population=888, Households=437
Year 10: Population=826, Households=472
Simulation complete. Final population: 826
Creating synthetic realistic Polish population of 1000 citizens...
  Created 996 citizens in 400 households
  Created 4 zones with environmental parameters
Starting simulation for 120 months (10.0 years)
Initial population: 996 citizens
Year 1: Population=993, Households=412
Year 5: Population=986, Households=452
Year 10: Population=965, Households=499
Simulation complete. Final population: 965
Creating synthetic realistic Polish population of 1000 citizens...
  Created 996 citizens in 400 households
  Created 4 zones with environmental parameters
Starting simulation for 120 months (10.0 years)
Initial population: 996 citizens
Year 1: Population=981, Households=416
Year 5: Population=952, Households=449
Year 10: Population=902, Households=485
Simulation complete. Final population: 902
Creating synthetic realistic Polish population of 1000 citizens...
  Created 996 citizens in 400 households
  Created 4 zones with environmental parameters
Starting simulation for 120 months (10.0 years)
Initial population: 996 citizens
Year 1: Population=971, Households=414
Year 5: Population=924, Households=444
Year 10: Population=875, Households=474
Simulation complete. Final population: 875
Creating synthetic realistic Polish population of 1000 citizens...
  Created 996 citizens in 400 households
  Created 4 zones with environmental parameters
Starting simulation for 120 months (10.0 years)
Initial population: 996 citizens
Year 1: Population=958, Households=412
Year 5: Population=904, Households=448
Year 10: Population=831, Households=486
Simulation complete. Final population: 831
Creating synthetic realistic Polish population of 1000 citizens...
  Created 996 citizens in 400 households
  Created 4 zones with environmental parameters
Starting simulation for 120 months (10.0 years)
Initial population: 996 citizens
Year 1: Population=999, Households=410
Year 5: Population=1001, Households=441
Year 10: Population=996, Households=483
Simulation complete. Final population: 996
Creating synthetic realistic Polish population of 1000 citizens...
  Created 996 citizens in 400 households
  Created 4 zones with environmental parameters
Starting simulation for 120 months (10.0 years)
Initial population: 996 citizens
Year 1: Population=987, Households=413
Year 5: Population=954, Households=447
Year 10: Population=915, Households=482
Simulation complete. Final population: 915
Creating synthetic realistic Polish population of 1000 citizens...
  Created 996 citizens in 400 households
  Created 4 zones with environmental parameters
Starting simulation for 120 months (10.0 years)
Initial population: 996 citizens
Year 1: Population=971, Households=414
Year 5: Population=934, Households=446
Year 10: Population=885, Households=479
Simulation complete. Final population: 885
Creating synthetic realistic Polish population of 1000 citizens...
  Created 996 citizens in 400 households
  Created 4 zones with environmental parameters
Starting simulation for 120 months (10.0 years)
Initial population: 996 citizens
Year 1: Population=961, Households=414
Year 5: Population=911, Households=442
Year 10: Population=857, Households=477
Simulation complete. Final population: 857
Creating synthetic realistic Polish population of 1000 citizens...
  Created 996 citizens in 400 households
  Created 4 zones with environmental parameters
Starting simulation for 120 months (10.0 years)
Initial population: 996 citizens
Year 1: Population=999, Households=410
Year 5: Population=994, Households=449
Year 10: Population=991, Households=486
Simulation complete. Final population: 991
Creating synthetic realistic Polish population of 1000 citizens...
  Created 996 citizens in 400 households
  Created 4 zones with environmental parameters
Starting simulation for 120 months (10.0 years)
Initial population: 996 citizens
Year 1: Population=991, Households=412
Year 5: Population=971, Households=446
Year 10: Population=952, Households=496
Simulation complete. Final population: 952
Creating synthetic realistic Polish population of 1000 citizens...
  Created 996 citizens in 400 households
  Created 4 zones with environmental parameters
Starting simulation for 120 months (10.0 years)
Initial population: 996 citizens
Year 1: Population=986, Households=414
Year 5: Population=957, Households=441
Year 10: Population=937, Households=470
Simulation complete. Final population: 937
Creating synthetic realistic Polish population of 1000 citizens...
  Created 996 citizens in 400 households
  Created 4 zones with environmental parameters
Starting simulation for 120 months (10.0 years)
Initial population: 996 citizens
Year 1: Population=968, Households=412
Year 5: Population=940, Households=447
Year 10: Population=893, Households=489
Simulation complete. Final population: 893
Creating synthetic realistic Polish population of 1000 citizens...
  Created 996 citizens in 400 households
  Created 4 zones with environmental parameters
Starting simulation for 120 months (10.0 years)
Initial population: 996 citizens
Year 1: Population=1007, Households=416
Year 5: Population=1015, Households=455
Year 10: Population=1026, Households=506
Simulation complete. Final population: 1026
Creating synthetic realistic Polish population of 1000 citizens...
  Created 996 citizens in 400 households
  Created 4 zones with environmental parameters
Starting simulation for 120 months (10.0 years)
Initial population: 996 citizens
Year 1: Population=991, Households=410
Year 5: Population=982, Households=448
Year 10: Population=978, Households=504
Simulation complete. Final population: 978
Creating synthetic realistic Polish population of 1000 citizens...
  Created 996 citizens in 400 households
  Created 4 zones with environmental parameters
Starting simulation for 120 months (10.0 years)
Initial population: 996 citizens
Year 1: Population=989, Households=412
Year 5: Population=965, Households=448
Year 10: Population=938, Households=488
Simulation complete. Final population: 938
Creating synthetic realistic Polish population of 1000 citizens...
  Created 996 citizens in 400 households
  Created 4 zones with environmental parameters
Starting simulation for 120 months (10.0 years)
Initial population: 996 citizens
Year 1: Population=971, Households=414
Year 5: Population=933, Households=449
Year 10: Population=908, Households=488
Simulation complete. Final population: 908
Creating synthetic realistic Polish population of 1000 citizens...
  Created 996 citizens in 400 households
  Created 4 zones with environmental parameters
Starting simulation for 120 months (10.0 years)
Initial population: 996 citizens
Year 1: Population=992, Households=408
Year 5: Population=960, Households=448
Year 10: Population=922, Households=489
Simulation complete. Final population: 922
Creating synthetic realistic Polish population of 1000 citizens...
  Created 996 citizens in 400 households
  Created 4 zones with environmental parameters
Starting simulation for 120 months (10.0 years)
Initial population: 996 citizens
Year 1: Population=976, Households=414
Year 5: Population=948, Households=444
Year 10: Population=892, Households=484
Simulation complete. Final population: 892
Creating synthetic realistic Polish population of 1000 citizens...
  Created 996 citizens in 400 households
  Created 4 zones with environmental parameters
Starting simulation for 120 months (10.0 years)
Initial population: 996 citizens
Year 1: Population=958, Households=412
Year 5: Population=904, Households=448
Year 10: Population=831, Households=486
Simulation complete. Final population: 831
Creating synthetic realistic Polish population of 1000 citizens...
  Created 996 citizens in 400 households
  Created 4 zones with environmental parameters
Starting simulation for 120 months (10.0 years)
Initial population: 996 citizens
Year 1: Population=952, Households=412
Year 5: Population=888, Households=448
Year 10: Population=803, Households=492
Simulation complete. Final population: 803
Creating synthetic realistic Polish population of 1000 citizens...
  Created 996 citizens in 400 households
  Created 4 zones with environmental parameters
Starting simulation for 120 months (10.0 years)
Initial population: 996 citizens
Year 1: Population=992, Households=413
Year 5: Population=990, Households=447
Year 10: Population=971, Households=489
Simulation complete. Final population: 971
Creating synthetic realistic Polish population of 1000 citizens...
  Created 996 citizens in 400 households
  Created 4 zones with environmental parameters
Starting simulation for 120 months (10.0 years)
Initial population: 996 citizens
Year 1: Population=977, Households=414
Year 5: Population=948, Households=450
Year 10: Population=912, Households=492
Simulation complete. Final population: 912
Creating synthetic realistic Polish population of 1000 citizens...
  Created 996 citizens in 400 households
  Created 4 zones with environmental parameters
Starting simulation for 120 months (10.0 years)
Initial population: 996 citizens
Year 1: Population=961, Households=414
Year 5: Population=911, Households=442
Year 10: Population=857, Households=477
Simulation complete. Final population: 857
Creating synthetic realistic Polish population of 1000 citizens...
  Created 996 citizens in 400 households
  Created 4 zones with environmental parameters
Starting simulation for 120 months (10.0 years)
Initial population: 996 citizens
Year 1: Population=961, Households=409
Year 5: Population=890, Households=446
Year 10: Population=828, Households=489
Simulation complete. Final population: 828
Creating synthetic realistic Polish population of 1000 citizens...
  Created 996 citizens in 400 households
  Created 4 zones with environmental parameters
Starting simulation for 120 months (10.0 years)
Initial population: 996 citizens
Year 1: Population=998, Households=411
Year 5: Population=983, Households=448
Year 10: Population=972, Households=492
Simulation complete. Final population: 972
Creating synthetic realistic Polish population of 1000 citizens...
  Created 996 citizens in 400 households
  Created 4 zones with environmental parameters
Starting simulation for 120 months (10.0 years)
Initial population: 996 citizens
Year 1: Population=985, Households=415
Year 5: Population=950, Households=443
Year 10: Population=927, Households=476
Simulation complete. Final population: 927
Creating synthetic realistic Polish population of 1000 citizens...
  Created 996 citizens in 400 households
  Created 4 zones with environmental parameters
Starting simulation for 120 months (10.0 years)
Initial population: 996 citizens
Year 1: Population=968, Households=412
Year 5: Population=940, Households=447
Year 10: Population=893, Households=489
Simulation complete. Final population: 893
Creating synthetic realistic Polish population of 1000 citizens...
  Created 996 citizens in 400 households
  Created 4 zones with environmental parameters
Starting simulation for 120 months (10.0 years)
Initial population: 996 citizens
Year 1: Population=958, Households=409
Year 5: Population=904, Households=442
Year 10: Population=848, Households=480
Simulation complete. Final population: 848
Creating synthetic realistic Polish population of 1000 citizens...
  Created 996 citizens in 400 households
  Created 4 zones with environmental parameters
Starting simulation for 120 months (10.0 years)
Initial population: 996 citizens
Year 1: Population=998, Households=411
Year 5: Population=1024, Households=446
Year 10: Population=1053, Households=510
Simulation complete. Final population: 1053
Creating synthetic realistic Polish population of 1000 citizens...
  Created 996 citizens in 400 households
  Created 4 zones with environmental parameters
Starting simulation for 120 months (10.0 years)
Initial population: 996 citizens
Year 1: Population=985, Households=416
Year 5: Population=961, Households=437
Year 10: Population=937, Households=481
Simulation complete. Final population: 937
Creating synthetic realistic Polish population of 1000 citizens...
  Created 996 citizens in 400 households
  Created 4 zones with environmental parameters
Starting simulation for 120 months (10.0 years)
Initial population: 996 citizens
Year 1: Population=971, Households=414
Year 5: Population=933, Households=449
Year 10: Population=908, Households=488
Simulation complete. Final population: 908
Creating synthetic realistic Polish population of 1000 citizens...
  Created 996 citizens in 400 households
  Created 4 zones with environmental parameters
Starting simulation for 120 months (10.0 years)
Initial population: 996 citizens
Year 1: Population=966, Households=410
Year 5: Population=909, Households=451
Year 10: Population=883, Households=488
Simulation complete. Final population: 883
Creating synthetic realistic Polish population of 1000 citizens...
  Created 996 citizens in 400 households
  Created 4 zones with environmental parameters
Starting simulation for 120 months (10.0 years)
Initial population: 996 citizens
Year 1: Population=984, Households=410
Year 5: Population=949, Households=440
Year 10: Population=909, Households=484
Simulation complete. Final population: 909
Creating synthetic realistic Polish population of 1000 citizens...
  Created 996 citizens in 400 households
  Created 4 zones with environmental parameters
Starting simulation for 120 months (10.0 years)
Initial population: 996 citizens
Year 1: Population=967, Households=414
Year 5: Population=914, Households=443
Year 10: Population=844, Households=485
Simulation complete. Final population: 844
Creating synthetic realistic Polish population of 1000 citizens...
  Created 996 citizens in 400 households
  Created 4 zones with environmental parameters
Starting simulation for 120 months (10.0 years)
Initial population: 996 citizens
Year 1: Population=951, Households=414
Year 5: Population=889, Households=445
Year 10: Population=817, Households=480
Simulation complete. Final population: 817
Creating synthetic realistic Polish population of 1000 citizens...
  Created 996 citizens in 400 households
  Created 4 zones with environmental parameters
Starting simulation for 120 months (10.0 years)
Initial population: 996 citizens
Year 1: Population=954, Households=412
Year 5: Population=844, Households=436
Year 10: Population=777, Households=470
Simulation complete. Final population: 777
Creating synthetic realistic Polish population of 1000 citizens...
  Created 996 citizens in 400 households
  Created 4 zones with environmental parameters
Starting simulation for 120 months (10.0 years)
Initial population: 996 citizens
Year 1: Population=991, Households=413
Year 5: Population=965, Households=446
Year 10: Population=930, Households=486
Simulation complete. Final population: 930
Creating synthetic realistic Polish population of 1000 citizens...
  Created 996 citizens in 400 households
  Created 4 zones with environmental parameters
Starting simulation for 120 months (10.0 years)
Initial population: 996 citizens
Year 1: Population=971, Households=416
Year 5: Population=932, Households=431
Year 10: Population=881, Households=469
Simulation complete. Final population: 881
Creating synthetic realistic Polish population of 1000 citizens...
  Created 996 citizens in 400 households
  Created 4 zones with environmental parameters
Starting simulation for 120 months (10.0 years)
Initial population: 996 citizens
Year 1: Population=962, Households=412
Year 5: Population=886, Households=452
Year 10: Population=830, Households=493
Simulation complete. Final population: 830
Creating synthetic realistic Polish population of 1000 citizens...
  Created 996 citizens in 400 households
  Created 4 zones with environmental parameters
Starting simulation for 120 months (10.0 years)
Initial population: 996 citizens
Year 1: Population=952, Households=414
Year 5: Population=873, Households=448
Year 10: Population=812, Households=484
Simulation complete. Final population: 812
Creating synthetic realistic Polish population of 1000 citizens...
  Created 996 citizens in 400 households
  Created 4 zones with environmental parameters
Starting simulation for 120 months (10.0 years)
Initial population: 996 citizens
Year 1: Population=996, Households=410
Year 5: Population=998, Households=446
Year 10: Population=987, Households=486
Simulation complete. Final population: 987
Creating synthetic realistic Polish population of 1000 citizens...
  Created 996 citizens in 400 households
  Created 4 zones with environmental parameters
Starting simulation for 120 months (10.0 years)
Initial population: 996 citizens
Year 1: Population=972, Households=411
Year 5: Population=944, Households=443
Year 10: Population=898, Households=484
Simulation complete. Final population: 898
Creating synthetic realistic Polish population of 1000 citizens...
  Created 996 citizens in 400 households
  Created 4 zones with environmental parameters
Starting simulation for 120 months (10.0 years)
Initial population: 996 citizens
Year 1: Population=968, Households=411
Year 5: Population=918, Households=446
Year 10: Population=883, Households=481
Simulation complete. Final population: 883
Creating synthetic realistic Polish population of 1000 citizens...
  Created 996 citizens in 400 households
  Created 4 zones with environmental parameters
Starting simulation for 120 months (10.0 years)
Initial population: 996 citizens
Year 1: Population=960, Households=411
Year 5: Population=899, Households=438
Year 10: Population=841, Households=479
Simulation complete. Final population: 841
Creating synthetic realistic Polish population of 1000 citizens...
  Created 996 citizens in 400 households
  Created 4 zones with environmental parameters
Starting simulation for 120 months (10.0 years)
Initial population: 996 citizens
Year 1: Population=998, Households=411
Year 5: Population=997, Households=451
Year 10: Population=993, Households=503
Simulation complete. Final population: 993
Creating synthetic realistic Polish population of 1000 citizens...
  Created 996 citizens in 400 households
  Created 4 zones with environmental parameters
Starting simulation for 120 months (10.0 years)
Initial population: 996 citizens
Year 1: Population=972, Households=411
Year 5: Population=944, Households=438
Year 10: Population=928, Households=470
Simulation complete. Final population: 928
Creating synthetic realistic Polish population of 1000 citizens...
  Created 996 citizens in 400 households
  Created 4 zones with environmental parameters
Starting simulation for 120 months (10.0 years)
Initial population: 996 citizens
Year 1: Population=968, Households=410
Year 5: Population=929, Households=438
Year 10: Population=890, Households=472
Simulation complete. Final population: 890
Creating synthetic realistic Polish population of 1000 citizens...
  Created 996 citizens in 400 households
  Created 4 zones with environmental parameters
Starting simulation for 120 months (10.0 years)
Initial population: 996 citizens
Year 1: Population=957, Households=414
Year 5: Population=917, Households=443
Year 10: Population=877, Households=483
Simulation complete. Final population: 877
Creating synthetic realistic Polish population of 1000 citizens...
  Created 996 citizens in 400 households
  Created 4 zones with environmental parameters
Starting simulation for 120 months (10.0 years)
Initial population: 996 citizens
Year 1: Population=981, Households=416
Year 5: Population=952, Households=449
Year 10: Population=902, Households=485
Simulation complete. Final population: 902
Creating synthetic realistic Polish population of 1000 citizens...
  Created 996 citizens in 400 households
  Created 4 zones with environmental parameters
Starting simulation for 120 months (10.0 years)
Initial population: 996 citizens
Year 1: Population=958, Households=412
Year 5: Population=904, Households=448
Year 10: Population=831, Households=486
Simulation complete. Final population: 831
Creating synthetic realistic Polish population of 1000 citizens...
  Created 996 citizens in 400 households
  Created 4 zones with environmental parameters
Starting simulation for 120 months (10.0 years)
Initial population: 996 citizens
Year 1: Population=952, Households=414
Year 5: Population=876, Households=444
Year 10: Population=799, Households=479
Simulation complete. Final population: 799
Creating synthetic realistic Polish population of 1000 citizens...
  Created 996 citizens in 400 households
  Created 4 zones with environmental parameters
Starting simulation for 120 months (10.0 years)
Initial population: 996 citizens
Year 1: Population=946, Households=412
Year 5: Population=849, Households=447
Year 10: Population=764, Households=492
Simulation complete. Final population: 764
Creating synthetic realistic Polish population of 1000 citizens...
  Created 996 citizens in 400 households
  Created 4 zones with environmental parameters
Starting simulation for 120 months (10.0 years)
Initial population: 996 citizens
Year 1: Population=987, Households=413
Year 5: Population=954, Households=447
Year 10: Population=915, Households=482
Simulation complete. Final population: 915
Creating synthetic realistic Polish population of 1000 citizens...
  Created 996 citizens in 400 households
  Created 4 zones with environmental parameters
Starting simulation for 120 months (10.0 years)
Initial population: 996 citizens
Year 1: Population=961, Households=414
Year 5: Population=911, Households=442
Year 10: Population=857, Households=477
Simulation complete. Final population: 857
Creating synthetic realistic Polish population of 1000 citizens...
  Created 996 citizens in 400 households
  Created 4 zones with environmental parameters
Starting simulation for 120 months (10.0 years)
Initial population: 996 citizens
Year 1: Population=948, Households=412
Year 5: Population=882, Households=445
Year 10: Population=802, Households=488
Simulation complete. Final population: 802
Creating synthetic realistic Polish population of 1000 citizens...
  Created 996 citizens in 400 households
  Created 4 zones with environmental parameters
Starting simulation for 120 months (10.0 years)
Initial population: 996 citizens
Year 1: Population=956, Households=412
Year 5: Population=863, Households=436
Year 10: Population=801, Households=483
Simulation complete. Final population: 801
Creating synthetic realistic Polish population of 1000 citizens...
  Created 996 citizens in 400 households
  Created 4 zones with environmental parameters
Starting simulation for 120 months (10.0 years)
Initial population: 996 citizens
Year 1: Population=991, Households=412
Year 5: Population=971, Households=446
Year 10: Population=952, Households=496
Simulation complete. Final population: 952
Creating synthetic realistic Polish population of 1000 citizens...
  Created 996 citizens in 400 households
  Created 4 zones with environmental parameters
Starting simulation for 120 months (10.0 years)
Initial population: 996 citizens
Year 1: Population=968, Households=412
Year 5: Population=940, Households=447
Year 10: Population=893, Households=489
Simulation complete. Final population: 893
Creating synthetic realistic Polish population of 1000 citizens...
  Created 996 citizens in 400 households
  Created 4 zones with environmental parameters
Starting simulation for 120 months (10.0 years)
Initial population: 996 citizens
Year 1: Population=962, Households=413
Year 5: Population=892, Households=443
Year 10: Population=838, Households=485
Simulation complete. Final population: 838
Creating synthetic realistic Polish population of 1000 citizens...
  Created 996 citizens in 400 households
  Created 4 zones with environmental parameters
Starting simulation for 120 months (10.0 years)
Initial population: 996 citizens
Year 1: Population=955, Households=409
Year 5: Population=885, Households=436
Year 10: Population=830, Households=468
Simulation complete. Final population: 830
Creating synthetic realistic Polish population of 1000 citizens...
  Created 996 citizens in 400 households
  Created 4 zones with environmental parameters
Starting simulation for 120 months (10.0 years)
Initial population: 996 citizens
Year 1: Population=991, Households=410
Year 5: Population=982, Households=448
Year 10: Population=978, Households=504
Simulation complete. Final population: 978
Creating synthetic realistic Polish population of 1000 citizens...
  Created 996 citizens in 400 households
  Created 4 zones with environmental parameters
Starting simulation for 120 months (10.0 years)
Initial population: 996 citizens
Year 1: Population=971, Households=414
Year 5: Population=933, Households=449
Year 10: Population=908, Households=488
Simulation complete. Final population: 908
Creating synthetic realistic Polish population of 1000 citizens...
  Created 996 citizens in 400 households
  Created 4 zones with environmental parameters
Starting simulation for 120 months (10.0 years)
Initial population: 996 citizens
Year 1: Population=968, Households=412
Year 5: Population=900, Households=439
Year 10: Population=866, Households=483
Simulation complete. Final population: 866
Creating synthetic realistic Polish population of 1000 citizens...
  Created 996 citizens in 400 households
  Created 4 zones with environmental parameters
Starting simulation for 120 months (10.0 years)
Initial population: 996 citizens
Year 1: Population=955, Households=409
Year 5: Population=894, Households=438
Year 10: Population=846, Households=471
Simulation complete. Final population: 846
Creating synthetic realistic Polish population of 1000 citizens...
  Created 996 citizens in 400 households
  Created 4 zones with environmental parameters
Starting simulation for 120 months (10.0 years)
Initial population: 996 citizens
Year 1: Population=981, Households=415
Year 5: Population=934, Households=448
Year 10: Population=879, Households=485
Simulation complete. Final population: 879
Creating synthetic realistic Polish population of 1000 citizens...
  Created 996 citizens in 400 households
  Created 4 zones with environmental parameters
Starting simulation for 120 months (10.0 years)
Initial population: 996 citizens
Year 1: Population=956, Households=413
Year 5: Population=880, Households=439
Year 10: Population=817, Households=483
Simulation complete. Final population: 817
Creating synthetic realistic Polish population of 1000 citizens...
  Created 996 citizens in 400 households
  Created 4 zones with environmental parameters
Starting simulation for 120 months (10.0 years)
Initial population: 996 citizens
Year 1: Population=952, Households=412
Year 5: Population=856, Households=434
Year 10: Population=766, Households=479
Simulation complete. Final population: 766
Creating synthetic realistic Polish population of 1000 citizens...
  Created 996 citizens in 400 households
  Created 4 zones with environmental parameters
Starting simulation for 120 months (10.0 years)
Initial population: 996 citizens
Year 1: Population=941, Households=413
Year 5: Population=827, Households=441
Year 10: Population=744, Households=472
Simulation complete. Final population: 744
Creating synthetic realistic Polish population of 1000 citizens...
  Created 996 citizens in 400 households
  Created 4 zones with environmental parameters
Starting simulation for 120 months (10.0 years)
Initial population: 996 citizens
Year 1: Population=985, Households=413
Year 5: Population=961, Households=441
Year 10: Population=920, Households=477
Simulation complete. Final population: 920
Creating synthetic realistic Polish population of 1000 citizens...
  Created 996 citizens in 400 households
  Created 4 zones with environmental parameters
Starting simulation for 120 months (10.0 years)
Initial population: 996 citizens
Year 1: Population=966, Households=414
Year 5: Population=893, Households=449
Year 10: Population=829, Households=486
Simulation complete. Final population: 829
Creating synthetic realistic Polish population of 1000 citizens...
  Created 996 citizens in 400 households
  Created 4 zones with environmental parameters
Starting simulation for 120 months (10.0 years)
Initial population: 996 citizens
Year 1: Population=951, Households=414
Year 5: Population=868, Households=440
Year 10: Population=812, Households=483
Simulation complete. Final population: 812
Creating synthetic realistic Polish population of 1000 citizens...
  Created 996 citizens in 400 households
  Created 4 zones with environmental parameters
Starting simulation for 120 months (10.0 years)
Initial population: 996 citizens
Year 1: Population=947, Households=408
Year 5: Population=847, Households=447
Year 10: Population=762, Households=482
Simulation complete. Final population: 762
Creating synthetic realistic Polish population of 1000 citizens...
  Created 996 citizens in 400 households
  Created 4 zones with environmental parameters
Starting simulation for 120 months (10.0 years)
Initial population: 996 citizens
Year 1: Population=986, Households=413
Year 5: Population=985, Households=447
Year 10: Population=968, Households=496
Simulation complete. Final population: 968
Creating synthetic realistic Polish population of 1000 citizens...
  Created 996 citizens in 400 households
  Created 4 zones with environmental parameters
Starting simulation for 120 months (10.0 years)
Initial population: 996 citizens
Year 1: Population=964, Households=414
Year 5: Population=914, Households=448
Year 10: Population=862, Households=488
Simulation complete. Final population: 862
Creating synthetic realistic Polish population of 1000 citizens...
  Created 996 citizens in 400 households
  Created 4 zones with environmental parameters
Starting simulation for 120 months (10.0 years)
Initial population: 996 citizens
Year 1: Population=959, Households=411
Year 5: Population=911, Households=435
Year 10: Population=868, Households=480
Simulation complete. Final population: 868
Creating synthetic realistic Polish population of 1000 citizens...
  Created 996 citizens in 400 households
  Created 4 zones with environmental parameters
Starting simulation for 120 months (10.0 years)
Initial population: 996 citizens
Year 1: Population=948, Households=408
Year 5: Population=866, Households=440
Year 10: Population=821, Households=473
Simulation complete. Final population: 821
Creating synthetic realistic Polish population of 1000 citizens...
  Created 996 citizens in 400 households
  Created 4 zones with environmental parameters
Starting simulation for 120 months (10.0 years)
Initial population: 996 citizens
Year 1: Population=986, Households=414
Year 5: Population=976, Households=438
Year 10: Population=969, Households=477
Simulation complete. Final population: 969
Creating synthetic realistic Polish population of 1000 citizens...
  Created 996 citizens in 400 households
  Created 4 zones with environmental parameters
Starting simulation for 120 months (10.0 years)
Initial population: 996 citizens
Year 1: Population=973, Households=412
Year 5: Population=939, Households=451
Year 10: Population=913, Households=492
Simulation complete. Final population: 913
Creating synthetic realistic Polish population of 1000 citizens...
  Created 996 citizens in 400 households
  Created 4 zones with environmental parameters
Starting simulation for 120 months (10.0 years)
Initial population: 996 citizens
Year 1: Population=957, Households=414
Year 5: Population=879, Households=433
Year 10: Population=845, Households=474
Simulation complete. Final population: 845
Creating synthetic realistic Polish population of 1000 citizens...
  Created 996 citizens in 400 households
  Created 4 zones with environmental parameters
Starting simulation for 120 months (10.0 years)
Initial population: 996 citizens
Year 1: Population=949, Households=408
Year 5: Population=873, Households=441
Year 10: Population=819, Households=473
Simulation complete. Final population: 819
Creating synthetic realistic Polish population of 1000 citizens...
  Created 996 citizens in 400 households
  Created 4 zones with environmental parameters
Starting simulation for 120 months (10.0 years)
Initial population: 996 citizens
Year 1: Population=993, Households=412
Year 5: Population=986, Households=452
Year 10: Population=965, Households=499
Simulation complete. Final population: 965
Creating synthetic realistic Polish population of 1000 citizens...
  Created 996 citizens in 400 households
  Created 4 zones with environmental parameters
Starting simulation for 120 months (10.0 years)
Initial population: 996 citizens
Year 1: Population=981, Households=416
Year 5: Population=952, Households=449
Year 10: Population=907, Households=486
Simulation complete. Final population: 907
Creating synthetic realistic Polish population of 1000 citizens...
  Created 996 citizens in 400 households
  Created 4 zones with environmental parameters
Starting simulation for 120 months (10.0 years)
Initial population: 996 citizens
Year 1: Population=971, Households=414
Year 5: Population=924, Households=444
Year 10: Population=875, Households=474
Simulation complete. Final population: 875
Creating synthetic realistic Polish population of 1000 citizens...
  Created 996 citizens in 400 households
  Created 4 zones with environmental parameters
Starting simulation for 120 months (10.0 years)
Initial population: 996 citizens
Year 1: Population=958, Households=412
Year 5: Population=893, Households=451
Year 10: Population=830, Households=487
Simulation complete. Final population: 830
Creating synthetic realistic Polish population of 1000 citizens...
  Created 996 citizens in 400 households
  Created 4 zones with environmental parameters
Starting simulation for 120 months (10.0 years)
Initial population: 996 citizens
Year 1: Population=999, Households=410
Year 5: Population=1008, Households=449
Year 10: Population=986, Households=490
Simulation complete. Final population: 986
Creating synthetic realistic Polish population of 1000 citizens...
  Created 996 citizens in 400 households
  Created 4 zones with environmental parameters
Starting simulation for 120 months (10.0 years)
Initial population: 996 citizens
Year 1: Population=988, Households=412
Year 5: Population=978, Households=446
Year 10: Population=927, Households=502
Simulation complete. Final population: 927
Creating synthetic realistic Polish population of 1000 citizens...
  Created 996 citizens in 400 households
  Created 4 zones with environmental parameters
Starting simulation for 120 months (10.0 years)
Initial population: 996 citizens
Year 1: Population=972, Households=414
Year 5: Population=935, Households=442
Year 10: Population=890, Households=479
Simulation complete. Final population: 890
Creating synthetic realistic Polish population of 1000 citizens...
  Created 996 citizens in 400 households
  Created 4 zones with environmental parameters
Starting simulation for 120 months (10.0 years)
Initial population: 996 citizens
Year 1: Population=965, Households=413
Year 5: Population=926, Households=457
Year 10: Population=873, Households=495
Simulation complete. Final population: 873
Creating synthetic realistic Polish population of 1000 citizens...
  Created 996 citizens in 400 households
  Created 4 zones with environmental parameters
Starting simulation for 120 months (10.0 years)
Initial population: 996 citizens
Year 1: Population=1002, Households=408
Year 5: Population=1015, Households=450
Year 10: Population=1032, Households=488
Simulation complete. Final population: 1032
Creating synthetic realistic Polish population of 1000 citizens...
  Created 996 citizens in 400 households
  Created 4 zones with environmental parameters
Starting simulation for 120 months (10.0 years)
Initial population: 996 citizens
Year 1: Population=991, Households=410
Year 5: Population=997, Households=450
Year 10: Population=977, Households=487
Simulation complete. Final population: 977
Creating synthetic realistic Polish population of 1000 citizens...
  Created 996 citizens in 400 households
  Created 4 zones with environmental parameters
Starting simulation for 120 months (10.0 years)
Initial population: 996 citizens
Year 1: Population=982, Households=413
Year 5: Population=952, Households=444
Year 10: Population=909, Households=475
Simulation complete. Final population: 909
Creating synthetic realistic Polish population of 1000 citizens...
  Created 996 citizens in 400 households
  Created 4 zones with environmental parameters
Starting simulation for 120 months (10.0 years)
Initial population: 996 citizens
Year 1: Population=968, Households=412
Year 5: Population=953, Households=444
Year 10: Population=909, Households=487
Simulation complete. Final population: 909
Creating synthetic realistic Polish population of 1000 citizens...
  Created 996 citizens in 400 households
  Created 4 zones with environmental parameters
Starting simulation for 120 months (10.0 years)
Initial population: 996 citizens
Year 1: Population=1009, Households=413
Year 5: Population=1032, Households=447
Year 10: Population=1067, Households=496
Simulation complete. Final population: 1067
Creating synthetic realistic Polish population of 1000 citizens...
  Created 996 citizens in 400 households
  Created 4 zones with environmental parameters
Starting simulation for 120 months (10.0 years)
Initial population: 996 citizens
Year 1: Population=993, Households=412
Year 5: Population=992, Households=451
Year 10: Population=987, Households=480
Simulation complete. Final population: 987
Creating synthetic realistic Polish population of 1000 citizens...
  Created 996 citizens in 400 households
  Created 4 zones with environmental parameters
Starting simulation for 120 months (10.0 years)
Initial population: 996 citizens
Year 1: Population=990, Households=412
Year 5: Population=970, Households=440
Year 10: Population=955, Households=492
Simulation complete. Final population: 955
Creating synthetic realistic Polish population of 1000 citizens...
  Created 996 citizens in 400 households
  Created 4 zones with environmental parameters
Starting simulation for 120 months (10.0 years)
Initial population: 996 citizens
Year 1: Population=971, Households=414
Year 5: Population=961, Households=438
Year 10: Population=922, Households=476
Simulation complete. Final population: 922
Creating synthetic realistic Polish population of 1000 citizens...
  Created 996 citizens in 400 households
  Created 4 zones with environmental parameters
Starting simulation for 120 months (10.0 years)
Initial population: 996 citizens
Year 1: Population=992, Households=408
Year 5: Population=965, Households=448
Year 10: Population=937, Households=500
Simulation complete. Final population: 937
Creating synthetic realistic Polish population of 1000 citizens...
  Created 996 citizens in 400 households
  Created 4 zones with environmental parameters
Starting simulation for 120 months (10.0 years)
Initial population: 996 citizens
Year 1: Population=976, Households=414
Year 5: Population=928, Households=448
Year 10: Population=867, Households=492
Simulation complete. Final population: 867
Creating synthetic realistic Polish population of 1000 citizens...
  Created 996 citizens in 400 households
  Created 4 zones with environmental parameters
Starting simulation for 120 months (10.0 years)
Initial population: 996 citizens
Year 1: Population=958, Households=412
Year 5: Population=893, Households=451
Year 10: Population=830, Households=487
Simulation complete. Final population: 830
Creating synthetic realistic Polish population of 1000 citizens...
  Created 996 citizens in 400 households
  Created 4 zones with environmental parameters
Starting simulation for 120 months (10.0 years)
Initial population: 996 citizens
Year 1: Population=952, Households=412
Year 5: Population=887, Households=448
Year 10: Population=788, Households=490
Simulation complete. Final population: 788
Creating synthetic realistic Polish population of 1000 citizens...
  Created 996 citizens in 400 households
  Created 4 zones with environmental parameters
Starting simulation for 120 months (10.0 years)
Initial population: 996 citizens
Year 1: Population=994, Households=414
Year 5: Population=988, Households=446
Year 10: Population=970, Households=492
Simulation complete. Final population: 970
Creating synthetic realistic Polish population of 1000 citizens...
  Created 996 citizens in 400 households
  Created 4 zones with environmental parameters
Starting simulation for 120 months (10.0 years)
Initial population: 996 citizens
Year 1: Population=977, Households=414
Year 5: Population=945, Households=445
Year 10: Population=910, Households=494
Simulation complete. Final population: 910
Creating synthetic realistic Polish population of 1000 citizens...
  Created 996 citizens in 400 households
  Created 4 zones with environmental parameters
Starting simulation for 120 months (10.0 years)
Initial population: 996 citizens
Year 1: Population=965, Households=413
Year 5: Population=926, Households=457
Year 10: Population=873, Households=495
Simulation complete. Final population: 873
Creating synthetic realistic Polish population of 1000 citizens...
  Created 996 citizens in 400 households
  Created 4 zones with environmental parameters
Starting simulation for 120 months (10.0 years)
Initial population: 996 citizens
Year 1: Population=957, Households=409
Year 5: Population=912, Households=447
Year 10: Population=848, Households=493
Simulation complete. Final population: 848
Creating synthetic realistic Polish population of 1000 citizens...
  Created 996 citizens in 400 households
  Created 4 zones with environmental parameters
Starting simulation for 120 months (10.0 years)
Initial population: 996 citizens
Year 1: Population=998, Households=411
Year 5: Population=1018, Households=449
Year 10: Population=985, Households=500
Simulation complete. Final population: 985
Creating synthetic realistic Polish population of 1000 citizens...
  Created 996 citizens in 400 households
  Created 4 zones with environmental parameters
Starting simulation for 120 months (10.0 years)
Initial population: 996 citizens
Year 1: Population=983, Households=416
Year 5: Population=953, Households=448
Year 10: Population=933, Households=480
Simulation complete. Final population: 933
Creating synthetic realistic Polish population of 1000 citizens...
  Created 996 citizens in 400 households
  Created 4 zones with environmental parameters
Starting simulation for 120 months (10.0 years)
Initial population: 996 citizens
Year 1: Population=968, Households=412
Year 5: Population=953, Households=444
Year 10: Population=909, Households=487
Simulation complete. Final population: 909
Creating synthetic realistic Polish population of 1000 citizens...
  Created 996 citizens in 400 households
  Created 4 zones with environmental parameters
Starting simulation for 120 months (10.0 years)
Initial population: 996 citizens
Year 1: Population=959, Households=413
Year 5: Population=896, Households=450
Year 10: Population=853, Households=486
Simulation complete. Final population: 853
Creating synthetic realistic Polish population of 1000 citizens...
  Created 996 citizens in 400 households
  Created 4 zones with environmental parameters
Starting simulation for 120 months (10.0 years)
Initial population: 996 citizens
Year 1: Population=999, Households=409
Year 5: Population=1017, Households=445
Year 10: Population=1012, Households=485
Simulation complete. Final population: 1012
Creating synthetic realistic Polish population of 1000 citizens...
  Created 996 citizens in 400 households
  Created 4 zones with environmental parameters
Starting simulation for 120 months (10.0 years)
Initial population: 996 citizens
Year 1: Population=986, Households=416
Year 5: Population=987, Households=440
Year 10: Population=977, Households=473
Simulation complete. Final population: 977
Creating synthetic realistic Polish population of 1000 citizens...
  Created 996 citizens in 400 households
  Created 4 zones with environmental parameters
Starting simulation for 120 months (10.0 years)
Initial population: 996 citizens
Year 1: Population=971, Households=414
Year 5: Population=961, Households=438
Year 10: Population=922, Households=476
Simulation complete. Final population: 922
Creating synthetic realistic Polish population of 1000 citizens...
  Created 996 citizens in 400 households
  Created 4 zones with environmental parameters
Starting simulation for 120 months (10.0 years)
Initial population: 996 citizens
Year 1: Population=966, Households=413
Year 5: Population=925, Households=448
Year 10: Population=895, Households=493
Simulation complete. Final population: 895
Creating synthetic realistic Polish population of 1000 citizens...
  Created 996 citizens in 400 households
  Created 4 zones with environmental parameters
Starting simulation for 120 months (10.0 years)
Initial population: 996 citizens
Year 1: Population=984, Households=410
Year 5: Population=949, Households=441
Year 10: Population=907, Households=485
Simulation complete. Final population: 907
Creating synthetic realistic Polish population of 1000 citizens...
  Created 996 citizens in 400 households
  Created 4 zones with environmental parameters
Starting simulation for 120 months (10.0 years)
Initial population: 996 citizens
Year 1: Population=969, Households=414
Year 5: Population=919, Households=443
Year 10: Population=858, Households=479
Simulation complete. Final population: 858
Creating synthetic realistic Polish population of 1000 citizens...
  Created 996 citizens in 400 households
  Created 4 zones with environmental parameters
Starting simulation for 120 months (10.0 years)
Initial population: 996 citizens
Year 1: Population=951, Households=414
Year 5: Population=896, Households=445
Year 10: Population=815, Households=485
Simulation complete. Final population: 815
Creating synthetic realistic Polish population of 1000 citizens...
  Created 996 citizens in 400 households
  Created 4 zones with environmental parameters
Starting simulation for 120 months (10.0 years)
Initial population: 996 citizens
Year 1: Population=954, Households=412
Year 5: Population=845, Households=438
Year 10: Population=779, Households=474
Simulation complete. Final population: 779
Creating synthetic realistic Polish population of 1000 citizens...
  Created 996 citizens in 400 households
  Created 4 zones with environmental parameters
Starting simulation for 120 months (10.0 years)
Initial population: 996 citizens
Year 1: Population=994, Households=414
Year 5: Population=973, Households=445
Year 10: Population=961, Households=486
Simulation complete. Final population: 961
Creating synthetic realistic Polish population of 1000 citizens...
  Created 996 citizens in 400 households
  Created 4 zones with environmental parameters
Starting simulation for 120 months (10.0 years)
Initial population: 996 citizens
Year 1: Population=970, Households=414
Year 5: Population=938, Households=445
Year 10: Population=887, Households=484
Simulation complete. Final population: 887
Creating synthetic realistic Polish population of 1000 citizens...
  Created 996 citizens in 400 households
  Created 4 zones with environmental parameters
Starting simulation for 120 months (10.0 years)
Initial population: 996 citizens
Year 1: Population=962, Households=412
Year 5: Population=886, Households=452
Year 10: Population=842, Households=495
Simulation complete. Final population: 842
Creating synthetic realistic Polish population of 1000 citizens...
  Created 996 citizens in 400 households
  Created 4 zones with environmental parameters
Starting simulation for 120 months (10.0 years)
Initial population: 996 citizens
Year 1: Population=952, Households=414
Year 5: Population=879, Households=446
Year 10: Population=814, Households=487
Simulation complete. Final population: 814
Creating synthetic realistic Polish population of 1000 citizens...
  Created 996 citizens in 400 households
  Created 4 zones with environmental parameters
Starting simulation for 120 months (10.0 years)
Initial population: 996 citizens
Year 1: Population=998, Households=411
Year 5: Population=1001, Households=453
Year 10: Population=989, Households=506
Simulation complete. Final population: 989
Creating synthetic realistic Polish population of 1000 citizens...
  Created 996 citizens in 400 households
  Created 4 zones with environmental parameters
Starting simulation for 120 months (10.0 years)
Initial population: 996 citizens
Year 1: Population=972, Households=411
Year 5: Population=948, Households=437
Year 10: Population=892, Households=478
Simulation complete. Final population: 892
Creating synthetic realistic Polish population of 1000 citizens...
  Created 996 citizens in 400 households
  Created 4 zones with environmental parameters
Starting simulation for 120 months (10.0 years)
Initial population: 996 citizens
Year 1: Population=965, Households=413
Year 5: Population=925, Households=455
Year 10: Population=870, Households=485
Simulation complete. Final population: 870
Creating synthetic realistic Polish population of 1000 citizens...
  Created 996 citizens in 400 households
  Created 4 zones with environmental parameters
Starting simulation for 120 months (10.0 years)
Initial population: 996 citizens
Year 1: Population=960, Households=411
Year 5: Population=888, Households=440
Year 10: Population=844, Households=468
Simulation complete. Final population: 844
Creating synthetic realistic Polish population of 1000 citizens...
  Created 996 citizens in 400 households
  Created 4 zones with environmental parameters
Starting simulation for 120 months (10.0 years)
Initial population: 996 citizens
Year 1: Population=999, Households=409
Year 5: Population=1024, Households=440
Year 10: Population=1025, Households=487
Simulation complete. Final population: 1025
Creating synthetic realistic Polish population of 1000 citizens...
  Created 996 citizens in 400 households
  Created 4 zones with environmental parameters
Starting simulation for 120 months (10.0 years)
Initial population: 996 citizens
Year 1: Population=972, Households=411
Year 5: Population=946, Households=444
Year 10: Population=924, Households=482
Simulation complete. Final population: 924
Creating synthetic realistic Polish population of 1000 citizens...
  Created 996 citizens in 400 households
  Created 4 zones with environmental parameters
Starting simulation for 120 months (10.0 years)
Initial population: 996 citizens
Year 1: Population=964, Households=412
Year 5: Population=918, Households=445
Year 10: Population=905, Households=488
Simulation complete. Final population: 905
Creating synthetic realistic Polish population of 1000 citizens...
  Created 996 citizens in 400 households
  Created 4 zones with environmental parameters
Starting simulation for 120 months (10.0 years)
Initial population: 996 citizens
Year 1: Population=958, Households=415
Year 5: Population=912, Households=444
Year 10: Population=870, Households=476
Simulation complete. Final population: 870
Creating synthetic realistic Polish population of 1000 citizens...
  Created 996 citizens in 400 households
  Created 4 zones with environmental parameters
Starting simulation for 120 months (10.0 years)
Initial population: 996 citizens
Year 1: Population=981, Households=416
Year 5: Population=952, Households=449
Year 10: Population=907, Households=486
Simulation complete. Final population: 907
Creating synthetic realistic Polish population of 1000 citizens...
  Created 996 citizens in 400 households
  Created 4 zones with environmental parameters
Starting simulation for 120 months (10.0 years)
Initial population: 996 citizens
Year 1: Population=958, Households=412
Year 5: Population=893, Households=451
Year 10: Population=830, Households=487
Simulation complete. Final population: 830
Creating synthetic realistic Polish population of 1000 citizens...
  Created 996 citizens in 400 households
  Created 4 zones with environmental parameters
Starting simulation for 120 months (10.0 years)
Initial population: 996 citizens
Year 1: Population=953, Households=413
Year 5: Population=872, Households=442
Year 10: Population=784, Households=481
Simulation complete. Final population: 784
Creating synthetic realistic Polish population of 1000 citizens...
  Created 996 citizens in 400 households
  Created 4 zones with environmental parameters
Starting simulation for 120 months (10.0 years)
Initial population: 996 citizens
Year 1: Population=946, Households=412
Year 5: Population=853, Households=442
Year 10: Population=772, Households=472
Simulation complete. Final population: 772
Creating synthetic realistic Polish population of 1000 citizens...
  Created 996 citizens in 400 households
  Created 4 zones with environmental parameters
Starting simulation for 120 months (10.0 years)
Initial population: 996 citizens
Year 1: Population=988, Households=412
Year 5: Population=978, Households=446
Year 10: Population=927, Households=502
Simulation complete. Final population: 927
Creating synthetic realistic Polish population of 1000 citizens...
  Created 996 citizens in 400 households
  Created 4 zones with environmental parameters
Starting simulation for 120 months (10.0 years)
Initial population: 996 citizens
Year 1: Population=965, Households=413
Year 5: Population=926, Households=457
Year 10: Population=873, Households=495
Simulation complete. Final population: 873
Creating synthetic realistic Polish population of 1000 citizens...
  Created 996 citizens in 400 households
  Created 4 zones with environmental parameters
Starting simulation for 120 months (10.0 years)
Initial population: 996 citizens
Year 1: Population=948, Households=412
Year 5: Population=902, Households=450
Year 10: Population=843, Households=492
Simulation complete. Final population: 843
Creating synthetic realistic Polish population of 1000 citizens...
  Created 996 citizens in 400 households
  Created 4 zones with environmental parameters
Starting simulation for 120 months (10.0 years)
Initial population: 996 citizens
Year 1: Population=954, Households=412
Year 5: Population=846, Households=429
Year 10: Population=789, Households=459
Simulation complete. Final population: 789
Creating synthetic realistic Polish population of 1000 citizens...
  Created 996 citizens in 400 households
  Created 4 zones with environmental parameters
Starting simulation for 120 months (10.0 years)
Initial population: 996 citizens
Year 1: Population=991, Households=410
Year 5: Population=997, Households=450
Year 10: Population=977, Households=487
Simulation complete. Final population: 977
Creating synthetic realistic Polish population of 1000 citizens...
  Created 996 citizens in 400 households
  Created 4 zones with environmental parameters
Starting simulation for 120 months (10.0 years)
Initial population: 996 citizens
Year 1: Population=968, Households=412
Year 5: Population=953, Households=444
Year 10: Population=909, Households=487
Simulation complete. Final population: 909
Creating synthetic realistic Polish population of 1000 citizens...
  Created 996 citizens in 400 households
  Created 4 zones with environmental parameters
Starting simulation for 120 months (10.0 years)
Initial population: 996 citizens
Year 1: Population=964, Households=410
Year 5: Population=903, Households=437
Year 10: Population=852, Households=468
Simulation complete. Final population: 852
Creating synthetic realistic Polish population of 1000 citizens...
  Created 996 citizens in 400 households
  Created 4 zones with environmental parameters
Starting simulation for 120 months (10.0 years)
Initial population: 996 citizens
Year 1: Population=955, Households=409
Year 5: Population=877, Households=435
Year 10: Population=840, Households=471
Simulation complete. Final population: 840
Creating synthetic realistic Polish population of 1000 citizens...
  Created 996 citizens in 400 households
  Created 4 zones with environmental parameters
Starting simulation for 120 months (10.0 years)
Initial population: 996 citizens
Year 1: Population=993, Households=412
Year 5: Population=992, Households=451
Year 10: Population=987, Households=480
Simulation complete. Final population: 987
Creating synthetic realistic Polish population of 1000 citizens...
  Created 996 citizens in 400 households
  Created 4 zones with environmental parameters
Starting simulation for 120 months (10.0 years)
Initial population: 996 citizens
Year 1: Population=971, Households=414
Year 5: Population=961, Households=438
Year 10: Population=922, Households=476
Simulation complete. Final population: 922
Creating synthetic realistic Polish population of 1000 citizens...
  Created 996 citizens in 400 households
  Created 4 zones with environmental parameters
Starting simulation for 120 months (10.0 years)
Initial population: 996 citizens
Year 1: Population=968, Households=412
Year 5: Population=952, Households=450
Year 10: Population=921, Households=493
Simulation complete. Final population: 921
Creating synthetic realistic Polish population of 1000 citizens...
  Created 996 citizens in 400 households
  Created 4 zones with environmental parameters
Starting simulation for 120 months (10.0 years)
Initial population: 996 citizens
Year 1: Population=955, Households=409
Year 5: Population=908, Households=438
Year 10: Population=878, Households=472
Simulation complete. Final population: 878
Creating synthetic realistic Polish population of 1000 citizens...
  Created 996 citizens in 400 households
  Created 4 zones with environmental parameters
Starting simulation for 120 months (10.0 years)
Initial population: 996 citizens
Year 1: Population=981, Households=415
Year 5: Population=934, Households=448
Year 10: Population=890, Households=503
Simulation complete. Final population: 890
Creating synthetic realistic Polish population of 1000 citizens...
  Created 996 citizens in 400 households
  Created 4 zones with environmental parameters
Starting simulation for 120 months (10.0 years)
Initial population: 996 citizens
Year 1: Population=956, Households=413
Year 5: Population=872, Households=442
Year 10: Population=800, Households=475
Simulation complete. Final population: 800
Creating synthetic realistic Polish population of 1000 citizens...
  Created 996 citizens in 400 households
  Created 4 zones with environmental parameters
Starting simulation for 120 months (10.0 years)
Initial population: 996 citizens
Year 1: Population=952, Households=412
Year 5: Population=862, Households=434
Year 10: Population=776, Households=478
Simulation complete. Final population: 776
Creating synthetic realistic Polish population of 1000 citizens...
  Created 996 citizens in 400 households
  Created 4 zones with environmental parameters
Starting simulation for 120 months (10.0 years)
Initial population: 996 citizens
Year 1: Population=941, Households=413
Year 5: Population=833, Households=438
Year 10: Population=750, Households=475
Simulation complete. Final population: 750
Creating synthetic realistic Polish population of 1000 citizens...
  Created 996 citizens in 400 households
  Created 4 zones with environmental parameters
Starting simulation for 120 months (10.0 years)
Initial population: 996 citizens
Year 1: Population=985, Households=413
Year 5: Population=953, Households=448
Year 10: Population=912, Households=497
Simulation complete. Final population: 912
Creating synthetic realistic Polish population of 1000 citizens...
  Created 996 citizens in 400 households
  Created 4 zones with environmental parameters
Starting simulation for 120 months (10.0 years)
Initial population: 996 citizens
Year 1: Population=963, Households=414
Year 5: Population=903, Households=453
Year 10: Population=843, Households=503
Simulation complete. Final population: 843
Creating synthetic realistic Polish population of 1000 citizens...
  Created 996 citizens in 400 households
  Created 4 zones with environmental parameters
Starting simulation for 120 months (10.0 years)
Initial population: 996 citizens
Year 1: Population=951, Households=414
Year 5: Population=885, Households=441
Year 10: Population=828, Households=474
Simulation complete. Final population: 828
Creating synthetic realistic Polish population of 1000 citizens...
  Created 996 citizens in 400 households
  Created 4 zones with environmental parameters
Starting simulation for 120 months (10.0 years)
Initial population: 996 citizens
Year 1: Population=947, Households=408
Year 5: Population=839, Households=443
Year 10: Population=784, Households=476
Simulation complete. Final population: 784
Creating synthetic realistic Polish population of 1000 citizens...
  Created 996 citizens in 400 households
  Created 4 zones with environmental parameters
Starting simulation for 120 months (10.0 years)
Initial population: 996 citizens
Year 1: Population=986, Households=414
Year 5: Population=997, Households=450
Year 10: Population=984, Households=496
Simulation complete. Final population: 984
Creating synthetic realistic Polish population of 1000 citizens...
  Created 996 citizens in 400 households
  Created 4 zones with environmental parameters
Starting simulation for 120 months (10.0 years)
Initial population: 996 citizens
Year 1: Population=969, Households=414
Year 5: Population=920, Households=452
Year 10: Population=881, Households=490
Simulation complete. Final population: 881
Creating synthetic realistic Polish population of 1000 citizens...
  Created 996 citizens in 400 households
  Created 4 zones with environmental parameters
Starting simulation for 120 months (10.0 years)
Initial population: 996 citizens
Year 1: Population=959, Households=411
Year 5: Population=897, Households=440
Year 10: Population=854, Households=478
Simulation complete. Final population: 854
Creating synthetic realistic Polish population of 1000 citizens...
  Created 996 citizens in 400 households
  Created 4 zones with environmental parameters
Starting simulation for 120 months (10.0 years)
Initial population: 996 citizens
Year 1: Population=948, Households=408
Year 5: Population=864, Households=436
Year 10: Population=808, Households=468
Simulation complete. Final population: 808
Creating synthetic realistic Polish population of 1000 citizens...
  Created 996 citizens in 400 households
  Created 4 zones with environmental parameters
Starting simulation for 120 months (10.0 years)
Initial population: 996 citizens
Year 1: Population=985, Households=416
Year 5: Population=998, Households=458
Year 10: Population=988, Households=496
Simulation complete. Final population: 988
Creating synthetic realistic Polish population of 1000 citizens...
  Created 996 citizens in 400 households
  Created 4 zones with environmental parameters
Starting simulation for 120 months (10.0 years)
Initial population: 996 citizens
Year 1: Population=973, Households=410
Year 5: Population=949, Households=448
Year 10: Population=900, Households=484
Simulation complete. Final population: 900
Creating synthetic realistic Polish population of 1000 citizens...
  Created 996 citizens in 400 households
  Created 4 zones with environmental parameters
Starting simulation for 120 months (10.0 years)
Initial population: 996 citizens
Year 1: Population=957, Households=415
Year 5: Population=920, Households=449
Year 10: Population=871, Households=485
Simulation complete. Final population: 871
Creating synthetic realistic Polish population of 1000 citizens...
  Created 996 citizens in 400 households
  Created 4 zones with environmental parameters
Starting simulation for 120 months (10.0 years)
Initial population: 996 citizens
Year 1: Population=950, Households=411
Year 5: Population=871, Households=440
Year 10: Population=816, Households=469
Simulation complete. Final population: 816
Iteration 2/2
Creating synthetic realistic Polish population of 1000 citizens...
  Created 996 citizens in 400 households
  Created 4 zones with environmental parameters
Starting simulation for 120 months (10.0 years)
Initial population: 996 citizens
Year 1: Population=993, Households=411
Year 5: Population=976, Households=458
Year 10: Population=934, Households=500
Simulation complete. Final population: 934
Creating synthetic realistic Polish population of 1000 citizens...
  Created 996 citizens in 400 households
  Created 4 zones with environmental parameters
Starting simulation for 120 months (10.0 years)
Initial population: 996 citizens
Year 1: Population=981, Households=416
Year 5: Population=948, Households=439
Year 10: Population=900, Households=478
Simulation complete. Final population: 900
Creating synthetic realistic Polish population of 1000 citizens...
  Created 996 citizens in 400 households
  Created 4 zones with environmental parameters
Starting simulation for 120 months (10.0 years)
Initial population: 996 citizens
Year 1: Population=974, Households=414
Year 5: Population=913, Households=447
Year 10: Population=852, Households=490
Simulation complete. Final population: 852
Creating synthetic realistic Polish population of 1000 citizens...
  Created 996 citizens in 400 households
  Created 4 zones with environmental parameters
Starting simulation for 120 months (10.0 years)
Initial population: 996 citizens
Year 1: Population=963, Households=414
Year 5: Population=899, Households=451
Year 10: Population=804, Households=481
Simulation complete. Final population: 804
Creating synthetic realistic Polish population of 1000 citizens...
  Created 996 citizens in 400 households
  Created 4 zones with environmental parameters
Starting simulation for 120 months (10.0 years)
Initial population: 996 citizens
Year 1: Population=993, Households=412
Year 5: Population=986, Households=452
Year 10: Population=965, Households=499
Simulation complete. Final population: 965
Creating synthetic realistic Polish population of 1000 citizens...
  Created 996 citizens in 400 households
  Created 4 zones with environmental parameters
Starting simulation for 120 months (10.0 years)
Initial population: 996 citizens
Year 1: Population=981, Households=416
Year 5: Population=952, Households=449
Year 10: Population=904, Households=481
Simulation complete. Final population: 904
Creating synthetic realistic Polish population of 1000 citizens...
  Created 996 citizens in 400 households
  Created 4 zones with environmental parameters
Starting simulation for 120 months (10.0 years)
Initial population: 996 citizens
Year 1: Population=971, Households=414
Year 5: Population=924, Households=444
Year 10: Population=861, Households=480
Simulation complete. Final population: 861
Creating synthetic realistic Polish population of 1000 citizens...
  Created 996 citizens in 400 households
  Created 4 zones with environmental parameters
Starting simulation for 120 months (10.0 years)
Initial population: 996 citizens
Year 1: Population=958, Households=412
Year 5: Population=893, Households=451
Year 10: Population=824, Households=485
Simulation complete. Final population: 824
Creating synthetic realistic Polish population of 1000 citizens...
  Created 996 citizens in 400 households
  Created 4 zones with environmental parameters
Starting simulation for 120 months (10.0 years)
Initial population: 996 citizens
Year 1: Population=999, Households=410
Year 5: Population=1001, Households=441
Year 10: Population=999, Households=488
Simulation complete. Final population: 999
Creating synthetic realistic Polish population of 1000 citizens...
  Created 996 citizens in 400 households
  Created 4 zones with environmental parameters
Starting simulation for 120 months (10.0 years)
Initial population: 996 citizens
Year 1: Population=987, Households=413
Year 5: Population=966, Households=444
Year 10: Population=935, Households=489
Simulation complete. Final population: 935
Creating synthetic realistic Polish population of 1000 citizens...
  Created 996 citizens in 400 households
  Created 4 zones with environmental parameters
Starting simulation for 120 months (10.0 years)
Initial population: 996 citizens
Year 1: Population=971, Households=414
Year 5: Population=931, Households=446
Year 10: Population=887, Households=489
Simulation complete. Final population: 887
Creating synthetic realistic Polish population of 1000 citizens...
  Created 996 citizens in 400 households
  Created 4 zones with environmental parameters
Starting simulation for 120 months (10.0 years)
Initial population: 996 citizens
Year 1: Population=961, Households=414
Year 5: Population=901, Households=447
Year 10: Population=849, Households=481
Simulation complete. Final population: 849
Creating synthetic realistic Polish population of 1000 citizens...
  Created 996 citizens in 400 households
  Created 4 zones with environmental parameters
Starting simulation for 120 months (10.0 years)
Initial population: 996 citizens
Year 1: Population=999, Households=410
Year 5: Population=1006, Households=443
Year 10: Population=988, Households=492
Simulation complete. Final population: 988
Creating synthetic realistic Polish population of 1000 citizens...
  Created 996 citizens in 400 households
  Created 4 zones with environmental parameters
Starting simulation for 120 months (10.0 years)
Initial population: 996 citizens
Year 1: Population=988, Households=412
Year 5: Population=981, Households=446
Year 10: Population=956, Households=490
Simulation complete. Final population: 956
Creating synthetic realistic Polish population of 1000 citizens...
  Created 996 citizens in 400 households
  Created 4 zones with environmental parameters
Starting simulation for 120 months (10.0 years)
Initial population: 996 citizens
Year 1: Population=983, Households=413
Year 5: Population=954, Households=441
Year 10: Population=905, Households=485
Simulation complete. Final population: 905
Creating synthetic realistic Polish population of 1000 citizens...
  Created 996 citizens in 400 households
  Created 4 zones with environmental parameters
Starting simulation for 120 months (10.0 years)
Initial population: 996 citizens
Year 1: Population=965, Households=413
Year 5: Population=926, Households=457
Year 10: Population=883, Households=498
Simulation complete. Final population: 883
Creating synthetic realistic Polish population of 1000 citizens...
  Created 996 citizens in 400 households
  Created 4 zones with environmental parameters
Starting simulation for 120 months (10.0 years)
Initial population: 996 citizens
Year 1: Population=991, Households=410
Year 5: Population=964, Households=449
Year 10: Population=925, Households=492
Simulation complete. Final population: 925
Creating synthetic realistic Polish population of 1000 citizens...
  Created 996 citizens in 400 households
  Created 4 zones with environmental parameters
Starting simulation for 120 months (10.0 years)
Initial population: 996 citizens
Year 1: Population=976, Households=414
Year 5: Population=938, Households=442
Year 10: Population=861, Households=490
Simulation complete. Final population: 861
Creating synthetic realistic Polish population of 1000 citizens...
  Created 996 citizens in 400 households
  Created 4 zones with environmental parameters
Starting simulation for 120 months (10.0 years)
Initial population: 996 citizens
Year 1: Population=963, Households=414
Year 5: Population=899, Households=451
Year 10: Population=804, Households=481
Simulation complete. Final population: 804
Creating synthetic realistic Polish population of 1000 citizens...
  Created 996 citizens in 400 households
  Created 4 zones with environmental parameters
Starting simulation for 120 months (10.0 years)
Initial population: 996 citizens
Year 1: Population=959, Households=413
Year 5: Population=876, Households=443
Year 10: Population=774, Households=476
Simulation complete. Final population: 774
Creating synthetic realistic Polish population of 1000 citizens...
  Created 996 citizens in 400 households
  Created 4 zones with environmental parameters
Starting simulation for 120 months (10.0 years)
Initial population: 996 citizens
Year 1: Population=992, Households=408
Year 5: Population=965, Households=450
Year 10: Population=930, Households=504
Simulation complete. Final population: 930
Creating synthetic realistic Polish population of 1000 citizens...
  Created 996 citizens in 400 households
  Created 4 zones with environmental parameters
Starting simulation for 120 months (10.0 years)
Initial population: 996 citizens
Year 1: Population=976, Households=414
Year 5: Population=928, Households=448
Year 10: Population=874, Households=485
Simulation complete. Final population: 874
Creating synthetic realistic Polish population of 1000 citizens...
  Created 996 citizens in 400 households
  Created 4 zones with environmental parameters
Starting simulation for 120 months (10.0 years)
Initial population: 996 citizens
Year 1: Population=958, Households=412
Year 5: Population=893, Households=451
Year 10: Population=824, Households=485
Simulation complete. Final population: 824
Creating synthetic realistic Polish population of 1000 citizens...
  Created 996 citizens in 400 households
  Created 4 zones with environmental parameters
Starting simulation for 120 months (10.0 years)
Initial population: 996 citizens
Year 1: Population=952, Households=412
Year 5: Population=887, Households=448
Year 10: Population=802, Households=489
Simulation complete. Final population: 802
Creating synthetic realistic Polish population of 1000 citizens...
  Created 996 citizens in 400 households
  Created 4 zones with environmental parameters
Starting simulation for 120 months (10.0 years)
Initial population: 996 citizens
Year 1: Population=992, Households=413
Year 5: Population=992, Households=445
Year 10: Population=970, Households=483
Simulation complete. Final population: 970
Creating synthetic realistic Polish population of 1000 citizens...
  Created 996 citizens in 400 households
  Created 4 zones with environmental parameters
Starting simulation for 120 months (10.0 years)
Initial population: 996 citizens
Year 1: Population=976, Households=414
Year 5: Population=934, Households=449
Year 10: Population=897, Households=488
Simulation complete. Final population: 897
Creating synthetic realistic Polish population of 1000 citizens...
  Created 996 citizens in 400 households
  Created 4 zones with environmental parameters
Starting simulation for 120 months (10.0 years)
Initial population: 996 citizens
Year 1: Population=961, Households=414
Year 5: Population=901, Households=447
Year 10: Population=849, Households=481
Simulation complete. Final population: 849
Creating synthetic realistic Polish population of 1000 citizens...
  Created 996 citizens in 400 households
  Created 4 zones with environmental parameters
Starting simulation for 120 months (10.0 years)
Initial population: 996 citizens
Year 1: Population=962, Households=410
Year 5: Population=889, Households=439
Year 10: Population=817, Households=474
Simulation complete. Final population: 817
Creating synthetic realistic Polish population of 1000 citizens...
  Created 996 citizens in 400 households
  Created 4 zones with environmental parameters
Starting simulation for 120 months (10.0 years)
Initial population: 996 citizens
Year 1: Population=995, Households=413
Year 5: Population=986, Households=443
Year 10: Population=973, Households=482
Simulation complete. Final population: 973
Creating synthetic realistic Polish population of 1000 citizens...
  Created 996 citizens in 400 households
  Created 4 zones with environmental parameters
Starting simulation for 120 months (10.0 years)
Initial population: 996 citizens
Year 1: Population=977, Households=414
Year 5: Population=957, Households=446
Year 10: Population=916, Households=487
Simulation complete. Final population: 916
Creating synthetic realistic Polish population of 1000 citizens...
  Created 996 citizens in 400 households
  Created 4 zones with environmental parameters
Starting simulation for 120 months (10.0 years)
Initial population: 996 citizens
Year 1: Population=965, Households=413
Year 5: Population=926, Households=457
Year 10: Population=883, Households=498
Simulation complete. Final population: 883
Creating synthetic realistic Polish population of 1000 citizens...
  Created 996 citizens in 400 households
  Created 4 zones with environmental parameters
Starting simulation for 120 months (10.0 years)
Initial population: 996 citizens
Year 1: Population=957, Households=409
Year 5: Population=910, Households=444
Year 10: Population=858, Households=480
Simulation complete. Final population: 858
Creating synthetic realistic Polish population of 1000 citizens...
  Created 996 citizens in 400 households
  Created 4 zones with environmental parameters
Starting simulation for 120 months (10.0 years)
Initial population: 996 citizens
Year 1: Population=984, Households=410
Year 5: Population=949, Households=439
Year 10: Population=904, Households=474
Simulation complete. Final population: 904
Creating synthetic realistic Polish population of 1000 citizens...
  Created 996 citizens in 400 households
  Created 4 zones with environmental parameters
Starting simulation for 120 months (10.0 years)
Initial population: 996 citizens
Year 1: Population=967, Households=414
Year 5: Population=914, Households=454
Year 10: Population=842, Households=490
Simulation complete. Final population: 842
Creating synthetic realistic Polish population of 1000 citizens...
  Created 996 citizens in 400 households
  Created 4 zones with environmental parameters
Starting simulation for 120 months (10.0 years)
Initial population: 996 citizens
Year 1: Population=957, Households=414
Year 5: Population=870, Households=445
Year 10: Population=800, Households=484
Simulation complete. Final population: 800
Creating synthetic realistic Polish population of 1000 citizens...
  Created 996 citizens in 400 households
  Created 4 zones with environmental parameters
Starting simulation for 120 months (10.0 years)
Initial population: 996 citizens
Year 1: Population=954, Households=412
Year 5: Population=858, Households=440
Year 10: Population=762, Households=478
Simulation complete. Final population: 762
Creating synthetic realistic Polish population of 1000 citizens...
  Created 996 citizens in 400 households
  Created 4 zones with environmental parameters
Starting simulation for 120 months (10.0 years)
Initial population: 996 citizens
Year 1: Population=984, Households=410
Year 5: Population=949, Households=441
Year 10: Population=907, Households=485
Simulation complete. Final population: 907
Creating synthetic realistic Polish population of 1000 citizens...
  Created 996 citizens in 400 households
  Created 4 zones with environmental parameters
Starting simulation for 120 months (10.0 years)
Initial population: 996 citizens
Year 1: Population=969, Households=414
Year 5: Population=919, Households=443
Year 10: Population=862, Households=479
Simulation complete. Final population: 862
Creating synthetic realistic Polish population of 1000 citizens...
  Created 996 citizens in 400 households
  Created 4 zones with environmental parameters
Starting simulation for 120 months (10.0 years)
Initial population: 996 citizens
Year 1: Population=951, Households=414
Year 5: Population=896, Households=445
Year 10: Population=810, Households=495
Simulation complete. Final population: 810
Creating synthetic realistic Polish population of 1000 citizens...
  Created 996 citizens in 400 households
  Created 4 zones with environmental parameters
Starting simulation for 120 months (10.0 years)
Initial population: 996 citizens
Year 1: Population=949, Households=413
Year 5: Population=865, Households=438
Year 10: Population=785, Households=479
Simulation complete. Final population: 785
Creating synthetic realistic Polish population of 1000 citizens...
  Created 996 citizens in 400 households
  Created 4 zones with environmental parameters
Starting simulation for 120 months (10.0 years)
Initial population: 996 citizens
Year 1: Population=991, Households=413
Year 5: Population=956, Households=449
Year 10: Population=924, Households=495
Simulation complete. Final population: 924
Creating synthetic realistic Polish population of 1000 citizens...
  Created 996 citizens in 400 households
  Created 4 zones with environmental parameters
Starting simulation for 120 months (10.0 years)
Initial population: 996 citizens
Year 1: Population=971, Households=416
Year 5: Population=932, Households=439
Year 10: Population=876, Households=480
Simulation complete. Final population: 876
Creating synthetic realistic Polish population of 1000 citizens...
  Created 996 citizens in 400 households
  Created 4 zones with environmental parameters
Starting simulation for 120 months (10.0 years)
Initial population: 996 citizens
Year 1: Population=957, Households=412
Year 5: Population=893, Households=442
Year 10: Population=831, Households=479
Simulation complete. Final population: 831
Creating synthetic realistic Polish population of 1000 citizens...
  Created 996 citizens in 400 households
  Created 4 zones with environmental parameters
Starting simulation for 120 months (10.0 years)
Initial population: 996 citizens
Year 1: Population=952, Households=414
Year 5: Population=860, Households=441
Year 10: Population=794, Households=482
Simulation complete. Final population: 794
Creating synthetic realistic Polish population of 1000 citizens...
  Created 996 citizens in 400 households
  Created 4 zones with environmental parameters
Starting simulation for 120 months (10.0 years)
Initial population: 996 citizens
Year 1: Population=994, Households=413
Year 5: Population=976, Households=460
Year 10: Population=962, Households=512
Simulation complete. Final population: 962
Creating synthetic realistic Polish population of 1000 citizens...
  Created 996 citizens in 400 households
  Created 4 zones with environmental parameters
Starting simulation for 120 months (10.0 years)
Initial population: 996 citizens
Year 1: Population=971, Households=411
Year 5: Population=944, Households=437
Year 10: Population=891, Households=474
Simulation complete. Final population: 891
Creating synthetic realistic Polish population of 1000 citizens...
  Created 996 citizens in 400 households
  Created 4 zones with environmental parameters
Starting simulation for 120 months (10.0 years)
Initial population: 996 citizens
Year 1: Population=962, Households=412
Year 5: Population=886, Households=452
Year 10: Population=826, Households=499
Simulation complete. Final population: 826
Creating synthetic realistic Polish population of 1000 citizens...
  Created 996 citizens in 400 households
  Created 4 zones with environmental parameters
Starting simulation for 120 months (10.0 years)
Initial population: 996 citizens
Year 1: Population=956, Households=414
Year 5: Population=878, Households=434
Year 10: Population=829, Households=476
Simulation complete. Final population: 829
Creating synthetic realistic Polish population of 1000 citizens...
  Created 996 citizens in 400 households
  Created 4 zones with environmental parameters
Starting simulation for 120 months (10.0 years)
Initial population: 996 citizens
Year 1: Population=981, Households=416
Year 5: Population=948, Households=439
Year 10: Population=900, Households=478
Simulation complete. Final population: 900
Creating synthetic realistic Polish population of 1000 citizens...
  Created 996 citizens in 400 households
  Created 4 zones with environmental parameters
Starting simulation for 120 months (10.0 years)
Initial population: 996 citizens
Year 1: Population=963, Households=414
Year 5: Population=899, Households=451
Year 10: Population=804, Households=481
Simulation complete. Final population: 804
Creating synthetic realistic Polish population of 1000 citizens...
  Created 996 citizens in 400 households
  Created 4 zones with environmental parameters
Starting simulation for 120 months (10.0 years)
Initial population: 996 citizens
Year 1: Population=948, Households=413
Year 5: Population=873, Households=436
Year 10: Population=771, Households=476
Simulation complete. Final population: 771
Creating synthetic realistic Polish population of 1000 citizens...
  Created 996 citizens in 400 households
  Created 4 zones with environmental parameters
Starting simulation for 120 months (10.0 years)
Initial population: 996 citizens
Year 1: Population=946, Households=412
Year 5: Population=848, Households=443
Year 10: Population=753, Households=479
Simulation complete. Final population: 753
Creating synthetic realistic Polish population of 1000 citizens...
  Created 996 citizens in 400 households
  Created 4 zones with environmental parameters
Starting simulation for 120 months (10.0 years)
Initial population: 996 citizens
Year 1: Population=981, Households=416
Year 5: Population=952, Households=449
Year 10: Population=904, Households=481
Simulation complete. Final population: 904
Creating synthetic realistic Polish population of 1000 citizens...
  Created 996 citizens in 400 households
  Created 4 zones with environmental parameters
Starting simulation for 120 months (10.0 years)
Initial population: 996 citizens
Year 1: Population=958, Households=412
Year 5: Population=893, Households=451
Year 10: Population=824, Households=485
Simulation complete. Final population: 824
Creating synthetic realistic Polish population of 1000 citizens...
  Created 996 citizens in 400 households
  Created 4 zones with environmental parameters
Starting simulation for 120 months (10.0 years)
Initial population: 996 citizens
Year 1: Population=953, Households=413
Year 5: Population=872, Households=442
Year 10: Population=784, Households=481
Simulation complete. Final population: 784
Creating synthetic realistic Polish population of 1000 citizens...
  Created 996 citizens in 400 households
  Created 4 zones with environmental parameters
Starting simulation for 120 months (10.0 years)
Initial population: 996 citizens
Year 1: Population=945, Households=412
Year 5: Population=850, Households=439
Year 10: Population=758, Households=482
Simulation complete. Final population: 758
Creating synthetic realistic Polish population of 1000 citizens...
  Created 996 citizens in 400 households
  Created 4 zones with environmental parameters
Starting simulation for 120 months (10.0 years)
Initial population: 996 citizens
Year 1: Population=987, Households=413
Year 5: Population=966, Households=444
Year 10: Population=935, Households=489
Simulation complete. Final population: 935
Creating synthetic realistic Polish population of 1000 citizens...
  Created 996 citizens in 400 households
  Created 4 zones with environmental parameters
Starting simulation for 120 months (10.0 years)
Initial population: 996 citizens
Year 1: Population=961, Households=414
Year 5: Population=901, Households=447
Year 10: Population=849, Households=481
Simulation complete. Final population: 849
Creating synthetic realistic Polish population of 1000 citizens...
  Created 996 citizens in 400 households
  Created 4 zones with environmental parameters
Starting simulation for 120 months (10.0 years)
Initial population: 996 citizens
Year 1: Population=948, Households=412
Year 5: Population=892, Households=432
Year 10: Population=818, Households=470
Simulation complete. Final population: 818
Creating synthetic realistic Polish population of 1000 citizens...
  Created 996 citizens in 400 households
  Created 4 zones with environmental parameters
Starting simulation for 120 months (10.0 years)
Initial population: 996 citizens
Year 1: Population=953, Households=412
Year 5: Population=862, Households=442
Year 10: Population=787, Households=477
Simulation complete. Final population: 787
Creating synthetic realistic Polish population of 1000 citizens...
  Created 996 citizens in 400 households
  Created 4 zones with environmental parameters
Starting simulation for 120 months (10.0 years)
Initial population: 996 citizens
Year 1: Population=988, Households=412
Year 5: Population=981, Households=446
Year 10: Population=956, Households=490
Simulation complete. Final population: 956
Creating synthetic realistic Polish population of 1000 citizens...
  Created 996 citizens in 400 households
  Created 4 zones with environmental parameters
Starting simulation for 120 months (10.0 years)
Initial population: 996 citizens
Year 1: Population=965, Households=413
Year 5: Population=926, Households=457
Year 10: Population=883, Households=498
Simulation complete. Final population: 883
Creating synthetic realistic Polish population of 1000 citizens...
  Created 996 citizens in 400 households
  Created 4 zones with environmental parameters
Starting simulation for 120 months (10.0 years)
Initial population: 996 citizens
Year 1: Population=951, Households=412
Year 5: Population=902, Households=445
Year 10: Population=839, Households=483
Simulation complete. Final population: 839
Creating synthetic realistic Polish population of 1000 citizens...
  Created 996 citizens in 400 households
  Created 4 zones with environmental parameters
Starting simulation for 120 months (10.0 years)
Initial population: 996 citizens
Year 1: Population=954, Households=412
Year 5: Population=853, Households=429
Year 10: Population=821, Households=469
Simulation complete. Final population: 821
Creating synthetic realistic Polish population of 1000 citizens...
  Created 996 citizens in 400 households
  Created 4 zones with environmental parameters
Starting simulation for 120 months (10.0 years)
Initial population: 996 citizens
Year 1: Population=981, Households=415
Year 5: Population=935, Households=448
Year 10: Population=871, Households=504
Simulation complete. Final population: 871
Creating synthetic realistic Polish population of 1000 citizens...
  Created 996 citizens in 400 households
  Created 4 zones with environmental parameters
Starting simulation for 120 months (10.0 years)
Initial population: 996 citizens
Year 1: Population=961, Households=414
Year 5: Population=882, Households=447
Year 10: Population=811, Households=482
Simulation complete. Final population: 811
Creating synthetic realistic Polish population of 1000 citizens...
  Created 996 citizens in 400 households
  Created 4 zones with environmental parameters
Starting simulation for 120 months (10.0 years)
Initial population: 996 citizens
Year 1: Population=952, Households=412
Year 5: Population=854, Households=438
Year 10: Population=771, Households=471
Simulation complete. Final population: 771
Creating synthetic realistic Polish population of 1000 citizens...
  Created 996 citizens in 400 households
  Created 4 zones with environmental parameters
Starting simulation for 120 months (10.0 years)
Initial population: 996 citizens
Year 1: Population=940, Households=412
Year 5: Population=812, Households=440
Year 10: Population=719, Households=471
Simulation complete. Final population: 719
Creating synthetic realistic Polish population of 1000 citizens...
  Created 996 citizens in 400 households
  Created 4 zones with environmental parameters
Starting simulation for 120 months (10.0 years)
Initial population: 996 citizens
Year 1: Population=981, Households=415
Year 5: Population=945, Households=445
Year 10: Population=892, Households=485
Simulation complete. Final population: 892
Creating synthetic realistic Polish population of 1000 citizens...
  Created 996 citizens in 400 households
  Created 4 zones with environmental parameters
Starting simulation for 120 months (10.0 years)
Initial population: 996 citizens
Year 1: Population=956, Households=413
Year 5: Population=877, Households=436
Year 10: Population=815, Households=469
Simulation complete. Final population: 815
Creating synthetic realistic Polish population of 1000 citizens...
  Created 996 citizens in 400 households
  Created 4 zones with environmental parameters
Starting simulation for 120 months (10.0 years)
Initial population: 996 citizens
Year 1: Population=951, Households=413
Year 5: Population=856, Households=438
Year 10: Population=787, Households=480
Simulation complete. Final population: 787
Creating synthetic realistic Polish population of 1000 citizens...
  Created 996 citizens in 400 households
  Created 4 zones with environmental parameters
Starting simulation for 120 months (10.0 years)
Initial population: 996 citizens
Year 1: Population=941, Households=413
Year 5: Population=833, Households=438
Year 10: Population=750, Households=475
Simulation complete. Final population: 750
Creating synthetic realistic Polish population of 1000 citizens...
  Created 996 citizens in 400 households
  Created 4 zones with environmental parameters
Starting simulation for 120 months (10.0 years)
Initial population: 996 citizens
Year 1: Population=982, Households=415
Year 5: Population=949, Households=450
Year 10: Population=913, Households=491
Simulation complete. Final population: 913
Creating synthetic realistic Polish population of 1000 citizens...
  Created 996 citizens in 400 households
  Created 4 zones with environmental parameters
Starting simulation for 120 months (10.0 years)
Initial population: 996 citizens
Year 1: Population=957, Households=413
Year 5: Population=886, Households=441
Year 10: Population=819, Households=476
Simulation complete. Final population: 819
Creating synthetic realistic Polish population of 1000 citizens...
  Created 996 citizens in 400 households
  Created 4 zones with environmental parameters
Starting simulation for 120 months (10.0 years)
Initial population: 996 citizens
Year 1: Population=951, Households=414
Year 5: Population=878, Households=443
Year 10: Population=816, Households=482
Simulation complete. Final population: 816
Creating synthetic realistic Polish population of 1000 citizens...
  Created 996 citizens in 400 households
  Created 4 zones with environmental parameters
Starting simulation for 120 months (10.0 years)
Initial population: 996 citizens
Year 1: Population=947, Households=408
Year 5: Population=846, Households=445
Year 10: Population=767, Households=477
Simulation complete. Final population: 767
Creating synthetic realistic Polish population of 1000 citizens...
  Created 996 citizens in 400 households
  Created 4 zones with environmental parameters
Starting simulation for 120 months (10.0 years)
Initial population: 996 citizens
Year 1: Population=985, Households=413
Year 5: Population=976, Households=455
Year 10: Population=928, Households=492
Simulation complete. Final population: 928
Creating synthetic realistic Polish population of 1000 citizens...
  Created 996 citizens in 400 households
  Created 4 zones with environmental parameters
Starting simulation for 120 months (10.0 years)
Initial population: 996 citizens
Year 1: Population=964, Households=414
Year 5: Population=917, Households=455
Year 10: Population=871, Households=493
Simulation complete. Final population: 871
Creating synthetic realistic Polish population of 1000 citizens...
  Created 996 citizens in 400 households
  Created 4 zones with environmental parameters
Starting simulation for 120 months (10.0 years)
Initial population: 996 citizens
Year 1: Population=955, Households=414
Year 5: Population=885, Households=439
Year 10: Population=807, Households=464
Simulation complete. Final population: 807
Creating synthetic realistic Polish population of 1000 citizens...
  Created 996 citizens in 400 households
  Created 4 zones with environmental parameters
Starting simulation for 120 months (10.0 years)
Initial population: 996 citizens
Year 1: Population=947, Households=408
Year 5: Population=844, Households=435
Year 10: Population=789, Households=472
Simulation complete. Final population: 789
Creating synthetic realistic Polish population of 1000 citizens...
  Created 996 citizens in 400 households
  Created 4 zones with environmental parameters
Starting simulation for 120 months (10.0 years)
Initial population: 996 citizens
Year 1: Population=993, Households=411
Year 5: Population=983, Households=455
Year 10: Population=965, Households=512
Simulation complete. Final population: 965
Creating synthetic realistic Polish population of 1000 citizens...
  Created 996 citizens in 400 households
  Created 4 zones with environmental parameters
Starting simulation for 120 months (10.0 years)
Initial population: 996 citizens
Year 1: Population=981, Households=416
Year 5: Population=948, Households=439
Year 10: Population=903, Households=475
Simulation complete. Final population: 903
Creating synthetic realistic Polish population of 1000 citizens...
  Created 996 citizens in 400 households
  Created 4 zones with environmental parameters
Starting simulation for 120 months (10.0 years)
Initial population: 996 citizens
Year 1: Population=974, Households=414
Year 5: Population=919, Households=438
Year 10: Population=844, Households=478
Simulation complete. Final population: 844
Creating synthetic realistic Polish population of 1000 citizens...
  Created 996 citizens in 400 households
  Created 4 zones with environmental parameters
Starting simulation for 120 months (10.0 years)
Initial population: 996 citizens
Year 1: Population=963, Households=414
Year 5: Population=887, Households=449
Year 10: Population=819, Households=487
Simulation complete. Final population: 819
Creating synthetic realistic Polish population of 1000 citizens...
  Created 996 citizens in 400 households
  Created 4 zones with environmental parameters
Starting simulation for 120 months (10.0 years)
Initial population: 996 citizens
Year 1: Population=992, Households=415
Year 5: Population=982, Households=452
Year 10: Population=960, Households=503
Simulation complete. Final population: 960
Creating synthetic realistic Polish population of 1000 citizens...
  Created 996 citizens in 400 households
  Created 4 zones with environmental parameters
Starting simulation for 120 months (10.0 years)
Initial population: 996 citizens
Year 1: Population=987, Households=413
Year 5: Population=953, Households=443
Year 10: Population=907, Households=491
Simulation complete. Final population: 907
Creating synthetic realistic Polish population of 1000 citizens...
  Created 996 citizens in 400 households
  Created 4 zones with environmental parameters
Starting simulation for 120 months (10.0 years)
Initial population: 996 citizens
Year 1: Population=971, Households=414
Year 5: Population=928, Households=445
Year 10: Population=869, Households=481
Simulation complete. Final population: 869
Creating synthetic realistic Polish population of 1000 citizens...
  Created 996 citizens in 400 households
  Created 4 zones with environmental parameters
Starting simulation for 120 months (10.0 years)
Initial population: 996 citizens
Year 1: Population=960, Households=413
Year 5: Population=906, Households=447
Year 10: Population=837, Households=503
Simulation complete. Final population: 837
Creating synthetic realistic Polish population of 1000 citizens...
  Created 996 citizens in 400 households
  Created 4 zones with environmental parameters
Starting simulation for 120 months (10.0 years)
Initial population: 996 citizens
Year 1: Population=999, Households=410
Year 5: Population=997, Households=448
Year 10: Population=975, Households=488
Simulation complete. Final population: 975
Creating synthetic realistic Polish population of 1000 citizens...
  Created 996 citizens in 400 households
  Created 4 zones with environmental parameters
Starting simulation for 120 months (10.0 years)
Initial population: 996 citizens
Year 1: Population=988, Households=412
Year 5: Population=978, Households=446
Year 10: Population=927, Households=502
Simulation complete. Final population: 927
Creating synthetic realistic Polish population of 1000 citizens...
  Created 996 citizens in 400 households
  Created 4 zones with environmental parameters
Starting simulation for 120 months (10.0 years)
Initial population: 996 citizens
Year 1: Population=972, Households=414
Year 5: Population=967, Households=442
Year 10: Population=903, Households=478
Simulation complete. Final population: 903
Creating synthetic realistic Polish population of 1000 citizens...
  Created 996 citizens in 400 households
  Created 4 zones with environmental parameters
Starting simulation for 120 months (10.0 years)
Initial population: 996 citizens
Year 1: Population=965, Households=413
Year 5: Population=926, Households=457
Year 10: Population=872, Households=502
Simulation complete. Final population: 872
Creating synthetic realistic Polish population of 1000 citizens...
  Created 996 citizens in 400 households
  Created 4 zones with environmental parameters
Starting simulation for 120 months (10.0 years)
Initial population: 996 citizens
Year 1: Population=999, Households=410
Year 5: Population=994, Households=448
Year 10: Population=996, Households=493
Simulation complete. Final population: 996
Creating synthetic realistic Polish population of 1000 citizens...
  Created 996 citizens in 400 households
  Created 4 zones with environmental parameters
Starting simulation for 120 months (10.0 years)
Initial population: 996 citizens
Year 1: Population=991, Households=412
Year 5: Population=990, Households=454
Year 10: Population=956, Households=496
Simulation complete. Final population: 956
Creating synthetic realistic Polish population of 1000 citizens...
  Created 996 citizens in 400 households
  Created 4 zones with environmental parameters
Starting simulation for 120 months (10.0 years)
Initial population: 996 citizens
Year 1: Population=985, Households=414
Year 5: Population=956, Households=448
Year 10: Population=918, Households=487
Simulation complete. Final population: 918
Creating synthetic realistic Polish population of 1000 citizens...
  Created 996 citizens in 400 households
  Created 4 zones with environmental parameters
Starting simulation for 120 months (10.0 years)
Initial population: 996 citizens
Year 1: Population=968, Households=412
Year 5: Population=937, Households=446
Year 10: Population=910, Households=486
Simulation complete. Final population: 910
Creating synthetic realistic Polish population of 1000 citizens...
  Created 996 citizens in 400 households
  Created 4 zones with environmental parameters
Starting simulation for 120 months (10.0 years)
Initial population: 996 citizens
Year 1: Population=992, Households=408
Year 5: Population=963, Households=448
Year 10: Population=924, Households=487
Simulation complete. Final population: 924
Creating synthetic realistic Polish population of 1000 citizens...
  Created 996 citizens in 400 households
  Created 4 zones with environmental parameters
Starting simulation for 120 months (10.0 years)
Initial population: 996 citizens
Year 1: Population=976, Households=414
Year 5: Population=937, Households=445
Year 10: Population=861, Households=492
Simulation complete. Final population: 861
Creating synthetic realistic Polish population of 1000 citizens...
  Created 996 citizens in 400 households
  Created 4 zones with environmental parameters
Starting simulation for 120 months (10.0 years)
Initial population: 996 citizens
Year 1: Population=963, Households=414
Year 5: Population=887, Households=449
Year 10: Population=819, Households=487
Simulation complete. Final population: 819
Creating synthetic realistic Polish population of 1000 citizens...
  Created 996 citizens in 400 households
  Created 4 zones with environmental parameters
Starting simulation for 120 months (10.0 years)
Initial population: 996 citizens
Year 1: Population=959, Households=413
Year 5: Population=878, Households=444
Year 10: Population=789, Households=482
Simulation complete. Final population: 789
Creating synthetic realistic Polish population of 1000 citizens...
  Created 996 citizens in 400 households
  Created 4 zones with environmental parameters
Starting simulation for 120 months (10.0 years)
Initial population: 996 citizens
Year 1: Population=992, Households=413
Year 5: Population=989, Households=449
Year 10: Population=954, Households=489
Simulation complete. Final population: 954
Creating synthetic realistic Polish population of 1000 citizens...
  Created 996 citizens in 400 households
  Created 4 zones with environmental parameters
Starting simulation for 120 months (10.0 years)
Initial population: 996 citizens
Year 1: Population=976, Households=414
Year 5: Population=937, Households=443
Year 10: Population=879, Households=486
Simulation complete. Final population: 879
Creating synthetic realistic Polish population of 1000 citizens...
  Created 996 citizens in 400 households
  Created 4 zones with environmental parameters
Starting simulation for 120 months (10.0 years)
Initial population: 996 citizens
Year 1: Population=960, Households=413
Year 5: Population=906, Households=447
Year 10: Population=837, Households=503
Simulation complete. Final population: 837
Creating synthetic realistic Polish population of 1000 citizens...
  Created 996 citizens in 400 households
  Created 4 zones with environmental parameters
Starting simulation for 120 months (10.0 years)
Initial population: 996 citizens
Year 1: Population=954, Households=411
Year 5: Population=879, Households=440
Year 10: Population=806, Households=471
Simulation complete. Final population: 806
Creating synthetic realistic Polish population of 1000 citizens...
  Created 996 citizens in 400 households
  Created 4 zones with environmental parameters
Starting simulation for 120 months (10.0 years)
Initial population: 996 citizens
Year 1: Population=994, Households=414
Year 5: Population=984, Households=443
Year 10: Population=969, Households=484
Simulation complete. Final population: 969
Creating synthetic realistic Polish population of 1000 citizens...
  Created 996 citizens in 400 households
  Created 4 zones with environmental parameters
Starting simulation for 120 months (10.0 years)
Initial population: 996 citizens
Year 1: Population=977, Households=414
Year 5: Population=944, Households=445
Year 10: Population=910, Households=494
Simulation complete. Final population: 910
Creating synthetic realistic Polish population of 1000 citizens...
  Created 996 citizens in 400 households
  Created 4 zones with environmental parameters
Starting simulation for 120 months (10.0 years)
Initial population: 996 citizens
Year 1: Population=965, Households=413
Year 5: Population=926, Households=457
Year 10: Population=872, Households=502
Simulation complete. Final population: 872
Creating synthetic realistic Polish population of 1000 citizens...
  Created 996 citizens in 400 households
  Created 4 zones with environmental parameters
Starting simulation for 120 months (10.0 years)
Initial population: 996 citizens
Year 1: Population=957, Households=409
Year 5: Population=912, Households=447
Year 10: Population=848, Households=493
Simulation complete. Final population: 848
Creating synthetic realistic Polish population of 1000 citizens...
  Created 996 citizens in 400 households
  Created 4 zones with environmental parameters
Starting simulation for 120 months (10.0 years)
Initial population: 996 citizens
Year 1: Population=998, Households=412
Year 5: Population=994, Households=453
Year 10: Population=983, Households=506
Simulation complete. Final population: 983
Creating synthetic realistic Polish population of 1000 citizens...
  Created 996 citizens in 400 households
  Created 4 zones with environmental parameters
Starting simulation for 120 months (10.0 years)
Initial population: 996 citizens
Year 1: Population=984, Households=415
Year 5: Population=964, Households=448
Year 10: Population=934, Households=495
Simulation complete. Final population: 934
Creating synthetic realistic Polish population of 1000 citizens...
  Created 996 citizens in 400 households
  Created 4 zones with environmental parameters
Starting simulation for 120 months (10.0 years)
Initial population: 996 citizens
Year 1: Population=968, Households=412
Year 5: Population=937, Households=446
Year 10: Population=910, Households=486
Simulation complete. Final population: 910
Creating synthetic realistic Polish population of 1000 citizens...
  Created 996 citizens in 400 households
  Created 4 zones with environmental parameters
Starting simulation for 120 months (10.0 years)
Initial population: 996 citizens
Year 1: Population=958, Households=409
Year 5: Population=892, Households=443
Year 10: Population=854, Households=484
Simulation complete. Final population: 854
Creating synthetic realistic Polish population of 1000 citizens...
  Created 996 citizens in 400 households
  Created 4 zones with environmental parameters
Starting simulation for 120 months (10.0 years)
Initial population: 996 citizens
Year 1: Population=984, Households=410
Year 5: Population=949, Households=447
Year 10: Population=907, Households=480
Simulation complete. Final population: 907
Creating synthetic realistic Polish population of 1000 citizens...
  Created 996 citizens in 400 households
  Created 4 zones with environmental parameters
Starting simulation for 120 months (10.0 years)
Initial population: 996 citizens
Year 1: Population=967, Households=414
Year 5: Population=916, Households=443
Year 10: Population=833, Households=477
Simulation complete. Final population: 833
Creating synthetic realistic Polish population of 1000 citizens...
  Created 996 citizens in 400 households
  Created 4 zones with environmental parameters
Starting simulation for 120 months (10.0 years)
Initial population: 996 citizens
Year 1: Population=957, Households=414
Year 5: Population=876, Households=445
Year 10: Population=796, Households=487
Simulation complete. Final population: 796
Creating synthetic realistic Polish population of 1000 citizens...
  Created 996 citizens in 400 households
  Created 4 zones with environmental parameters
Starting simulation for 120 months (10.0 years)
Initial population: 996 citizens
Year 1: Population=954, Households=412
Year 5: Population=864, Households=442
Year 10: Population=766, Households=480
Simulation complete. Final population: 766
Creating synthetic realistic Polish population of 1000 citizens...
  Created 996 citizens in 400 households
  Created 4 zones with environmental parameters
Starting simulation for 120 months (10.0 years)
Initial population: 996 citizens
Year 1: Population=991, Households=413
Year 5: Population=962, Households=446
Year 10: Population=915, Households=485
Simulation complete. Final population: 915
Creating synthetic realistic Polish population of 1000 citizens...
  Created 996 citizens in 400 households
  Created 4 zones with environmental parameters
Starting simulation for 120 months (10.0 years)
Initial population: 996 citizens
Year 1: Population=968, Households=412
Year 5: Population=928, Households=447
Year 10: Population=856, Households=486
Simulation complete. Final population: 856
Creating synthetic realistic Polish population of 1000 citizens...
  Created 996 citizens in 400 households
  Created 4 zones with environmental parameters
Starting simulation for 120 months (10.0 years)
Initial population: 996 citizens
Year 1: Population=959, Households=411
Year 5: Population=892, Households=441
Year 10: Population=823, Households=478
Simulation complete. Final population: 823
Creating synthetic realistic Polish population of 1000 citizens...
  Created 996 citizens in 400 households
  Created 4 zones with environmental parameters
Starting simulation for 120 months (10.0 years)
Initial population: 996 citizens
Year 1: Population=952, Households=414
Year 5: Population=855, Households=436
Year 10: Population=783, Households=478
Simulation complete. Final population: 783
Creating synthetic realistic Polish population of 1000 citizens...
  Created 996 citizens in 400 households
  Created 4 zones with environmental parameters
Starting simulation for 120 months (10.0 years)
Initial population: 996 citizens
Year 1: Population=994, Households=414
Year 5: Population=973, Households=445
Year 10: Population=950, Households=483
Simulation complete. Final population: 950
Creating synthetic realistic Polish population of 1000 citizens...
  Created 996 citizens in 400 households
  Created 4 zones with environmental parameters
Starting simulation for 120 months (10.0 years)
Initial population: 996 citizens
Year 1: Population=970, Households=414
Year 5: Population=938, Households=445
Year 10: Population=887, Households=484
Simulation complete. Final population: 887
Creating synthetic realistic Polish population of 1000 citizens...
  Created 996 citizens in 400 households
  Created 4 zones with environmental parameters
Starting simulation for 120 months (10.0 years)
Initial population: 996 citizens
Year 1: Population=962, Households=412
Year 5: Population=886, Households=452
Year 10: Population=842, Households=495
Simulation complete. Final population: 842
Creating synthetic realistic Polish population of 1000 citizens...
  Created 996 citizens in 400 households
  Created 4 zones with environmental parameters
Starting simulation for 120 months (10.0 years)
Initial population: 996 citizens
Year 1: Population=952, Households=414
Year 5: Population=879, Households=446
Year 10: Population=814, Households=487
Simulation complete. Final population: 814
Creating synthetic realistic Polish population of 1000 citizens...
  Created 996 citizens in 400 households
  Created 4 zones with environmental parameters
Starting simulation for 120 months (10.0 years)
Initial population: 996 citizens
Year 1: Population=998, Households=412
Year 5: Population=986, Households=459
Year 10: Population=975, Households=492
Simulation complete. Final population: 975
Creating synthetic realistic Polish population of 1000 citizens...
  Created 996 citizens in 400 households
  Created 4 zones with environmental parameters
Starting simulation for 120 months (10.0 years)
Initial population: 996 citizens
Year 1: Population=972, Households=411
Year 5: Population=944, Households=443
Year 10: Population=900, Households=482
Simulation complete. Final population: 900
Creating synthetic realistic Polish population of 1000 citizens...
  Created 996 citizens in 400 households
  Created 4 zones with environmental parameters
Starting simulation for 120 months (10.0 years)
Initial population: 996 citizens
Year 1: Population=968, Households=411
Year 5: Population=908, Households=448
Year 10: Population=865, Households=484
Simulation complete. Final population: 865
Creating synthetic realistic Polish population of 1000 citizens...
  Created 996 citizens in 400 households
  Created 4 zones with environmental parameters
Starting simulation for 120 months (10.0 years)
Initial population: 996 citizens
Year 1: Population=958, Households=415
Year 5: Population=882, Households=435
Year 10: Population=833, Households=479
Simulation complete. Final population: 833
Creating synthetic realistic Polish population of 1000 citizens...
  Created 996 citizens in 400 households
  Created 4 zones with environmental parameters
Starting simulation for 120 months (10.0 years)
Initial population: 996 citizens
Year 1: Population=981, Households=416
Year 5: Population=948, Households=439
Year 10: Population=903, Households=475
Simulation complete. Final population: 903
Creating synthetic realistic Polish population of 1000 citizens...
  Created 996 citizens in 400 households
  Created 4 zones with environmental parameters
Starting simulation for 120 months (10.0 years)
Initial population: 996 citizens
Year 1: Population=963, Households=414
Year 5: Population=887, Households=449
Year 10: Population=819, Households=487
Simulation complete. Final population: 819
Creating synthetic realistic Polish population of 1000 citizens...
  Created 996 citizens in 400 households
  Created 4 zones with environmental parameters
Starting simulation for 120 months (10.0 years)
Initial population: 996 citizens
Year 1: Population=948, Households=413
Year 5: Population=863, Households=438
Year 10: Population=769, Households=483
Simulation complete. Final population: 769
Creating synthetic realistic Polish population of 1000 citizens...
  Created 996 citizens in 400 households
  Created 4 zones with environmental parameters
Starting simulation for 120 months (10.0 years)
Initial population: 996 citizens
Year 1: Population=946, Households=412
Year 5: Population=848, Households=443
Year 10: Population=758, Households=475
Simulation complete. Final population: 758
Creating synthetic realistic Polish population of 1000 citizens...
  Created 996 citizens in 400 households
  Created 4 zones with environmental parameters
Starting simulation for 120 months (10.0 years)
Initial population: 996 citizens
Year 1: Population=987, Households=413
Year 5: Population=953, Households=443
Year 10: Population=907, Households=491
Simulation complete. Final population: 907
Creating synthetic realistic Polish population of 1000 citizens...
  Created 996 citizens in 400 households
  Created 4 zones with environmental parameters
Starting simulation for 120 months (10.0 years)
Initial population: 996 citizens
Year 1: Population=960, Households=413
Year 5: Population=906, Households=447
Year 10: Population=837, Households=503
Simulation complete. Final population: 837
Creating synthetic realistic Polish population of 1000 citizens...
  Created 996 citizens in 400 households
  Created 4 zones with environmental parameters
Starting simulation for 120 months (10.0 years)
Initial population: 996 citizens
Year 1: Population=948, Households=412
Year 5: Population=881, Households=433
Year 10: Population=803, Households=469
Simulation complete. Final population: 803
Creating synthetic realistic Polish population of 1000 citizens...
  Created 996 citizens in 400 households
  Created 4 zones with environmental parameters
Starting simulation for 120 months (10.0 years)
Initial population: 996 citizens
Year 1: Population=955, Households=412
Year 5: Population=859, Households=435
Year 10: Population=781, Households=470
Simulation complete. Final population: 781
Creating synthetic realistic Polish population of 1000 citizens...
  Created 996 citizens in 400 households
  Created 4 zones with environmental parameters
Starting simulation for 120 months (10.0 years)
Initial population: 996 citizens
Year 1: Population=988, Households=412
Year 5: Population=978, Households=446
Year 10: Population=927, Households=502
Simulation complete. Final population: 927
Creating synthetic realistic Polish population of 1000 citizens...
  Created 996 citizens in 400 households
  Created 4 zones with environmental parameters
Starting simulation for 120 months (10.0 years)
Initial population: 996 citizens
Year 1: Population=965, Households=413
Year 5: Population=926, Households=457
Year 10: Population=872, Households=502
Simulation complete. Final population: 872
Creating synthetic realistic Polish population of 1000 citizens...
  Created 996 citizens in 400 households
  Created 4 zones with environmental parameters
Starting simulation for 120 months (10.0 years)
Initial population: 996 citizens
Year 1: Population=948, Households=412
Year 5: Population=892, Households=441
Year 10: Population=826, Households=484
Simulation complete. Final population: 826
Creating synthetic realistic Polish population of 1000 citizens...
  Created 996 citizens in 400 households
  Created 4 zones with environmental parameters
Starting simulation for 120 months (10.0 years)
Initial population: 996 citizens
Year 1: Population=954, Households=412
Year 5: Population=846, Households=429
Year 10: Population=789, Households=459
Simulation complete. Final population: 789
Creating synthetic realistic Polish population of 1000 citizens...
  Created 996 citizens in 400 households
  Created 4 zones with environmental parameters
Starting simulation for 120 months (10.0 years)
Initial population: 996 citizens
Year 1: Population=991, Households=412
Year 5: Population=990, Households=454
Year 10: Population=956, Households=496
Simulation complete. Final population: 956
Creating synthetic realistic Polish population of 1000 citizens...
  Created 996 citizens in 400 households
  Created 4 zones with environmental parameters
Starting simulation for 120 months (10.0 years)
Initial population: 996 citizens
Year 1: Population=968, Households=412
Year 5: Population=937, Households=446
Year 10: Population=910, Households=486
Simulation complete. Final population: 910
Creating synthetic realistic Polish population of 1000 citizens...
  Created 996 citizens in 400 households
  Created 4 zones with environmental parameters
Starting simulation for 120 months (10.0 years)
Initial population: 996 citizens
Year 1: Population=952, Households=412
Year 5: Population=907, Households=441
Year 10: Population=860, Households=478
Simulation complete. Final population: 860
Creating synthetic realistic Polish population of 1000 citizens...
  Created 996 citizens in 400 households
  Created 4 zones with environmental parameters
Starting simulation for 120 months (10.0 years)
Initial population: 996 citizens
Year 1: Population=955, Households=409
Year 5: Population=876, Households=436
Year 10: Population=825, Households=473
Simulation complete. Final population: 825
Creating synthetic realistic Polish population of 1000 citizens...
  Created 996 citizens in 400 households
  Created 4 zones with environmental parameters
Starting simulation for 120 months (10.0 years)
Initial population: 996 citizens
Year 1: Population=981, Households=415
Year 5: Population=935, Households=448
Year 10: Population=872, Households=495
Simulation complete. Final population: 872
Creating synthetic realistic Polish population of 1000 citizens...
  Created 996 citizens in 400 households
  Created 4 zones with environmental parameters
Starting simulation for 120 months (10.0 years)
Initial population: 996 citizens
Year 1: Population=961, Households=414
Year 5: Population=882, Households=447
Year 10: Population=807, Households=480
Simulation complete. Final population: 807
Creating synthetic realistic Polish population of 1000 citizens...
  Created 996 citizens in 400 households
  Created 4 zones with environmental parameters
Starting simulation for 120 months (10.0 years)
Initial population: 996 citizens
Year 1: Population=952, Households=412
Year 5: Population=855, Households=440
Year 10: Population=775, Households=481
Simulation complete. Final population: 775
Creating synthetic realistic Polish population of 1000 citizens...
  Created 996 citizens in 400 households
  Created 4 zones with environmental parameters
Starting simulation for 120 months (10.0 years)
Initial population: 996 citizens
Year 1: Population=940, Households=412
Year 5: Population=821, Households=445
Year 10: Population=739, Households=477
Simulation complete. Final population: 739
Creating synthetic realistic Polish population of 1000 citizens...
  Created 996 citizens in 400 households
  Created 4 zones with environmental parameters
Starting simulation for 120 months (10.0 years)
Initial population: 996 citizens
Year 1: Population=981, Households=415
Year 5: Population=942, Households=444
Year 10: Population=898, Households=498
Simulation complete. Final population: 898
Creating synthetic realistic Polish population of 1000 citizens...
  Created 996 citizens in 400 households
  Created 4 zones with environmental parameters
Starting simulation for 120 months (10.0 years)
Initial population: 996 citizens
Year 1: Population=957, Households=413
Year 5: Population=903, Households=444
Year 10: Population=834, Households=481
Simulation complete. Final population: 834
Creating synthetic realistic Polish population of 1000 citizens...
  Created 996 citizens in 400 households
  Created 4 zones with environmental parameters
Starting simulation for 120 months (10.0 years)
Initial population: 996 citizens
Year 1: Population=951, Households=414
Year 5: Population=876, Households=437
Year 10: Population=811, Households=471
Simulation complete. Final population: 811
Creating synthetic realistic Polish population of 1000 citizens...
  Created 996 citizens in 400 households
  Created 4 zones with environmental parameters
Starting simulation for 120 months (10.0 years)
Initial population: 996 citizens
Year 1: Population=941, Households=411
Year 5: Population=841, Households=443
Year 10: Population=761, Households=483
Simulation complete. Final population: 761
Creating synthetic realistic Polish population of 1000 citizens...
  Created 996 citizens in 400 households
  Created 4 zones with environmental parameters
Starting simulation for 120 months (10.0 years)
Initial population: 996 citizens
Year 1: Population=985, Households=413
Year 5: Population=964, Households=448
Year 10: Population=919, Households=495
Simulation complete. Final population: 919
Creating synthetic realistic Polish population of 1000 citizens...
  Created 996 citizens in 400 households
  Created 4 zones with environmental parameters
Starting simulation for 120 months (10.0 years)
Initial population: 996 citizens
Year 1: Population=966, Households=414
Year 5: Population=907, Households=439
Year 10: Population=860, Households=478
Simulation complete. Final population: 860
Creating synthetic realistic Polish population of 1000 citizens...
  Created 996 citizens in 400 households
  Created 4 zones with environmental parameters
Starting simulation for 120 months (10.0 years)
Initial population: 996 citizens
Year 1: Population=951, Households=414
Year 5: Population=885, Households=441
Year 10: Population=828, Households=477
Simulation complete. Final population: 828
Creating synthetic realistic Polish population of 1000 citizens...
  Created 996 citizens in 400 households
  Created 4 zones with environmental parameters
Starting simulation for 120 months (10.0 years)
Initial population: 996 citizens
Year 1: Population=947, Households=408
Year 5: Population=839, Households=443
Year 10: Population=784, Households=476
Simulation complete. Final population: 784
Creating synthetic realistic Polish population of 1000 citizens...
  Created 996 citizens in 400 households
  Created 4 zones with environmental parameters
Starting simulation for 120 months (10.0 years)
Initial population: 996 citizens
Year 1: Population=986, Households=413
Year 5: Population=985, Households=447
Year 10: Population=969, Households=492
Simulation complete. Final population: 969
Creating synthetic realistic Polish population of 1000 citizens...
  Created 996 citizens in 400 households
  Created 4 zones with environmental parameters
Starting simulation for 120 months (10.0 years)
Initial population: 996 citizens
Year 1: Population=964, Households=414
Year 5: Population=914, Households=448
Year 10: Population=862, Households=488
Simulation complete. Final population: 862
Creating synthetic realistic Polish population of 1000 citizens...
  Created 996 citizens in 400 households
  Created 4 zones with environmental parameters
Starting simulation for 120 months (10.0 years)
Initial population: 996 citizens
Year 1: Population=958, Households=412
Year 5: Population=886, Households=439
Year 10: Population=826, Households=469
Simulation complete. Final population: 826
Creating synthetic realistic Polish population of 1000 citizens...
  Created 996 citizens in 400 households
  Created 4 zones with environmental parameters
Starting simulation for 120 months (10.0 years)
Initial population: 996 citizens
Year 1: Population=948, Households=408
Year 5: Population=866, Households=440
Year 10: Population=821, Households=473
Simulation complete. Final population: 821
Creating synthetic realistic Polish population of 1000 citizens...
  Created 996 citizens in 400 households
  Created 4 zones with environmental parameters
Starting simulation for 120 months (10.0 years)
Initial population: 996 citizens
Year 1: Population=993, Households=408
Year 5: Population=983, Households=446
Year 10: Population=948, Households=495
Simulation complete. Final population: 948
Creating synthetic realistic Polish population of 1000 citizens...
  Created 996 citizens in 400 households
  Created 4 zones with environmental parameters
Starting simulation for 120 months (10.0 years)
Initial population: 996 citizens
Year 1: Population=981, Households=416
Year 5: Population=948, Households=439
Year 10: Population=908, Households=480
Simulation complete. Final population: 908
Creating synthetic realistic Polish population of 1000 citizens...
  Created 996 citizens in 400 households
  Created 4 zones with environmental parameters
Starting simulation for 120 months (10.0 years)
Initial population: 996 citizens
Year 1: Population=971, Households=414
Year 5: Population=910, Households=440
Year 10: Population=851, Households=475
Simulation complete. Final population: 851
Creating synthetic realistic Polish population of 1000 citizens...
  Created 996 citizens in 400 households
  Created 4 zones with environmental parameters
Starting simulation for 120 months (10.0 years)
Initial population: 996 citizens
Year 1: Population=958, Households=412
Year 5: Population=894, Households=443
Year 10: Population=831, Households=478
Simulation complete. Final population: 831
Creating synthetic realistic Polish population of 1000 citizens...
  Created 996 citizens in 400 households
  Created 4 zones with environmental parameters
Starting simulation for 120 months (10.0 years)
Initial population: 996 citizens
Year 1: Population=999, Households=410
Year 5: Population=1001, Households=441
Year 10: Population=986, Households=477
Simulation complete. Final population: 986
Creating synthetic realistic Polish population of 1000 citizens...
  Created 996 citizens in 400 households
  Created 4 zones with environmental parameters
Starting simulation for 120 months (10.0 years)
Initial population: 996 citizens
Year 1: Population=987, Households=413
Year 5: Population=970, Households=443
Year 10: Population=926, Households=486
Simulation complete. Final population: 926
Creating synthetic realistic Polish population of 1000 citizens...
  Created 996 citizens in 400 households
  Created 4 zones with environmental parameters
Starting simulation for 120 months (10.0 years)
Initial population: 996 citizens
Year 1: Population=971, Households=414
Year 5: Population=931, Households=446
Year 10: Population=876, Households=490
Simulation complete. Final population: 876
Creating synthetic realistic Polish population of 1000 citizens...
  Created 996 citizens in 400 households
  Created 4 zones with environmental parameters
Starting simulation for 120 months (10.0 years)
Initial population: 996 citizens
Year 1: Population=960, Households=413
Year 5: Population=916, Households=443
Year 10: Population=850, Households=485
Simulation complete. Final population: 850
Creating synthetic realistic Polish population of 1000 citizens...
  Created 996 citizens in 400 households
  Created 4 zones with environmental parameters
Starting simulation for 120 months (10.0 years)
Initial population: 996 citizens
Year 1: Population=999, Households=410
Year 5: Population=1018, Households=446
Year 10: Population=995, Households=482
Simulation complete. Final population: 995
Creating synthetic realistic Polish population of 1000 citizens...
  Created 996 citizens in 400 households
  Created 4 zones with environmental parameters
Starting simulation for 120 months (10.0 years)
Initial population: 996 citizens
Year 1: Population=988, Households=412
Year 5: Population=990, Households=451
Year 10: Population=954, Households=491
Simulation complete. Final population: 954
Creating synthetic realistic Polish population of 1000 citizens...
  Created 996 citizens in 400 households
  Created 4 zones with environmental parameters
Starting simulation for 120 months (10.0 years)
Initial population: 996 citizens
Year 1: Population=983, Households=413
Year 5: Population=947, Households=443
Year 10: Population=926, Households=481
Simulation complete. Final population: 926
Creating synthetic realistic Polish population of 1000 citizens...
  Created 996 citizens in 400 households
  Created 4 zones with environmental parameters
Starting simulation for 120 months (10.0 years)
Initial population: 996 citizens
Year 1: Population=965, Households=413
Year 5: Population=939, Households=452
Year 10: Population=884, Households=499
Simulation complete. Final population: 884
Creating synthetic realistic Polish population of 1000 citizens...
  Created 996 citizens in 400 households
  Created 4 zones with environmental parameters
Starting simulation for 120 months (10.0 years)
Initial population: 996 citizens
Year 1: Population=1002, Households=408
Year 5: Population=1026, Households=451
Year 10: Population=1039, Households=508
Simulation complete. Final population: 1039
Creating synthetic realistic Polish population of 1000 citizens...
  Created 996 citizens in 400 households
  Created 4 zones with environmental parameters
Starting simulation for 120 months (10.0 years)
Initial population: 996 citizens
Year 1: Population=991, Households=410
Year 5: Population=1009, Households=451
Year 10: Population=992, Households=496
Simulation complete. Final population: 992
Creating synthetic realistic Polish population of 1000 citizens...
  Created 996 citizens in 400 households
  Created 4 zones with environmental parameters
Starting simulation for 120 months (10.0 years)
Initial population: 996 citizens
Year 1: Population=985, Households=416
Year 5: Population=957, Households=443
Year 10: Population=935, Households=478
Simulation complete. Final population: 935
Creating synthetic realistic Polish population of 1000 citizens...
  Created 996 citizens in 400 households
  Created 4 zones with environmental parameters
Starting simulation for 120 months (10.0 years)
Initial population: 996 citizens
Year 1: Population=970, Households=412
Year 5: Population=931, Households=449
Year 10: Population=898, Households=491
Simulation complete. Final population: 898
Creating synthetic realistic Polish population of 1000 citizens...
  Created 996 citizens in 400 households
  Created 4 zones with environmental parameters
Starting simulation for 120 months (10.0 years)
Initial population: 996 citizens
Year 1: Population=992, Households=408
Year 5: Population=964, Households=449
Year 10: Population=925, Households=497
Simulation complete. Final population: 925
Creating synthetic realistic Polish population of 1000 citizens...
  Created 996 citizens in 400 households
  Created 4 zones with environmental parameters
Starting simulation for 120 months (10.0 years)
Initial population: 996 citizens
Year 1: Population=976, Households=414
Year 5: Population=940, Households=446
Year 10: Population=872, Households=488
Simulation complete. Final population: 872
Creating synthetic realistic Polish population of 1000 citizens...
  Created 996 citizens in 400 households
  Created 4 zones with environmental parameters
Starting simulation for 120 months (10.0 years)
Initial population: 996 citizens
Year 1: Population=958, Households=412
Year 5: Population=894, Households=443
Year 10: Population=831, Households=478
Simulation complete. Final population: 831
Creating synthetic realistic Polish population of 1000 citizens...
  Created 996 citizens in 400 households
  Created 4 zones with environmental parameters
Starting simulation for 120 months (10.0 years)
Initial population: 996 citizens
Year 1: Population=952, Households=412
Year 5: Population=861, Households=447
Year 10: Population=786, Households=480
Simulation complete. Final population: 786
Creating synthetic realistic Polish population of 1000 citizens...
  Created 996 citizens in 400 households
  Created 4 zones with environmental parameters
Starting simulation for 120 months (10.0 years)
Initial population: 996 citizens
Year 1: Population=992, Households=413
Year 5: Population=989, Households=450
Year 10: Population=962, Households=483
Simulation complete. Final population: 962
Creating synthetic realistic Polish population of 1000 citizens...
  Created 996 citizens in 400 households
  Created 4 zones with environmental parameters
Starting simulation for 120 months (10.0 years)
Initial population: 996 citizens
Year 1: Population=976, Households=414
Year 5: Population=951, Households=441
Year 10: Population=908, Households=489
Simulation complete. Final population: 908
Creating synthetic realistic Polish population of 1000 citizens...
  Created 996 citizens in 400 households
  Created 4 zones with environmental parameters
Starting simulation for 120 months (10.0 years)
Initial population: 996 citizens
Year 1: Population=960, Households=413
Year 5: Population=916, Households=443
Year 10: Population=850, Households=485
Simulation complete. Final population: 850
Creating synthetic realistic Polish population of 1000 citizens...
  Created 996 citizens in 400 households
  Created 4 zones with environmental parameters
Starting simulation for 120 months (10.0 years)
Initial population: 996 citizens
Year 1: Population=962, Households=410
Year 5: Population=884, Households=449
Year 10: Population=813, Households=490
Simulation complete. Final population: 813
Creating synthetic realistic Polish population of 1000 citizens...
  Created 996 citizens in 400 households
  Created 4 zones with environmental parameters
Starting simulation for 120 months (10.0 years)
Initial population: 996 citizens
Year 1: Population=995, Households=413
Year 5: Population=987, Households=447
Year 10: Population=990, Households=484
Simulation complete. Final population: 990
Creating synthetic realistic Polish population of 1000 citizens...
  Created 996 citizens in 400 households
  Created 4 zones with environmental parameters
Starting simulation for 120 months (10.0 years)
Initial population: 996 citizens
Year 1: Population=977, Households=414
Year 5: Population=962, Households=442
Year 10: Population=921, Households=481
Simulation complete. Final population: 921
Creating synthetic realistic Polish population of 1000 citizens...
  Created 996 citizens in 400 households
  Created 4 zones with environmental parameters
Starting simulation for 120 months (10.0 years)
Initial population: 996 citizens
Year 1: Population=965, Households=413
Year 5: Population=939, Households=452
Year 10: Population=884, Households=499
Simulation complete. Final population: 884
Creating synthetic realistic Polish population of 1000 citizens...
  Created 996 citizens in 400 households
  Created 4 zones with environmental parameters
Starting simulation for 120 months (10.0 years)
Initial population: 996 citizens
Year 1: Population=957, Households=409
Year 5: Population=910, Households=444
Year 10: Population=854, Households=476
Simulation complete. Final population: 854
Creating synthetic realistic Polish population of 1000 citizens...
  Created 996 citizens in 400 households
  Created 4 zones with environmental parameters
Starting simulation for 120 months (10.0 years)
Initial population: 996 citizens
Year 1: Population=998, Households=411
Year 5: Population=1016, Households=451
Year 10: Population=1005, Households=486
Simulation complete. Final population: 1005
Creating synthetic realistic Polish population of 1000 citizens...
  Created 996 citizens in 400 households
  Created 4 zones with environmental parameters
Starting simulation for 120 months (10.0 years)
Initial population: 996 citizens
Year 1: Population=983, Households=416
Year 5: Population=954, Households=443
Year 10: Population=934, Households=471
Simulation complete. Final population: 934
Creating synthetic realistic Polish population of 1000 citizens...
  Created 996 citizens in 400 households
  Created 4 zones with environmental parameters
Starting simulation for 120 months (10.0 years)
Initial population: 996 citizens
Year 1: Population=970, Households=412
Year 5: Population=931, Households=449
Year 10: Population=898, Households=491
Simulation complete. Final population: 898
Creating synthetic realistic Polish population of 1000 citizens...
  Created 996 citizens in 400 households
  Created 4 zones with environmental parameters
Starting simulation for 120 months (10.0 years)
Initial population: 996 citizens
Year 1: Population=964, Households=409
Year 5: Population=915, Households=437
Year 10: Population=886, Households=471
Simulation complete. Final population: 886
Creating synthetic realistic Polish population of 1000 citizens...
  Created 996 citizens in 400 households
  Created 4 zones with environmental parameters
Starting simulation for 120 months (10.0 years)
Initial population: 996 citizens
Year 1: Population=984, Households=410
Year 5: Population=952, Households=436
Year 10: Population=911, Households=475
Simulation complete. Final population: 911
Creating synthetic realistic Polish population of 1000 citizens...
  Created 996 citizens in 400 households
  Created 4 zones with environmental parameters
Starting simulation for 120 months (10.0 years)
Initial population: 996 citizens
Year 1: Population=967, Households=414
Year 5: Population=914, Households=443
Year 10: Population=843, Households=477
Simulation complete. Final population: 843
Creating synthetic realistic Polish population of 1000 citizens...
  Created 996 citizens in 400 households
  Created 4 zones with environmental parameters
Starting simulation for 120 months (10.0 years)
Initial population: 996 citizens
Year 1: Population=951, Households=414
Year 5: Population=883, Households=450
Year 10: Population=803, Households=489
Simulation complete. Final population: 803
Creating synthetic realistic Polish population of 1000 citizens...
  Created 996 citizens in 400 households
  Created 4 zones with environmental parameters
Starting simulation for 120 months (10.0 years)
Initial population: 996 citizens
Year 1: Population=954, Households=412
Year 5: Population=864, Households=437
Year 10: Population=773, Households=473
Simulation complete. Final population: 773
Creating synthetic realistic Polish population of 1000 citizens...
  Created 996 citizens in 400 households
  Created 4 zones with environmental parameters
Starting simulation for 120 months (10.0 years)
Initial population: 996 citizens
Year 1: Population=991, Households=413
Year 5: Population=961, Households=447
Year 10: Population=914, Households=498
Simulation complete. Final population: 914
Creating synthetic realistic Polish population of 1000 citizens...
  Created 996 citizens in 400 households
  Created 4 zones with environmental parameters
Starting simulation for 120 months (10.0 years)
Initial population: 996 citizens
Year 1: Population=971, Households=416
Year 5: Population=931, Households=437
Year 10: Population=875, Households=474
Simulation complete. Final population: 875
Creating synthetic realistic Polish population of 1000 citizens...
  Created 996 citizens in 400 households
  Created 4 zones with environmental parameters
Starting simulation for 120 months (10.0 years)
Initial population: 996 citizens
Year 1: Population=957, Households=412
Year 5: Population=893, Households=442
Year 10: Population=836, Households=479
Simulation complete. Final population: 836
Creating synthetic realistic Polish population of 1000 citizens...
  Created 996 citizens in 400 households
  Created 4 zones with environmental parameters
Starting simulation for 120 months (10.0 years)
Initial population: 996 citizens
Year 1: Population=952, Households=414
Year 5: Population=871, Households=440
Year 10: Population=799, Households=485
Simulation complete. Final population: 799
Creating synthetic realistic Polish population of 1000 citizens...
  Created 996 citizens in 400 households
  Created 4 zones with environmental parameters
Starting simulation for 120 months (10.0 years)
Initial population: 996 citizens
Year 1: Population=994, Households=413
Year 5: Population=980, Households=468
Year 10: Population=970, Households=513
Simulation complete. Final population: 970
Creating synthetic realistic Polish population of 1000 citizens...
  Created 996 citizens in 400 households
  Created 4 zones with environmental parameters
Starting simulation for 120 months (10.0 years)
Initial population: 996 citizens
Year 1: Population=971, Households=411
Year 5: Population=938, Households=443
Year 10: Population=903, Households=479
Simulation complete. Final population: 903
Creating synthetic realistic Polish population of 1000 citizens...
  Created 996 citizens in 400 households
  Created 4 zones with environmental parameters
Starting simulation for 120 months (10.0 years)
Initial population: 996 citizens
Year 1: Population=966, Households=412
Year 5: Population=912, Households=441
Year 10: Population=858, Households=472
Simulation complete. Final population: 858
Creating synthetic realistic Polish population of 1000 citizens...
  Created 996 citizens in 400 households
  Created 4 zones with environmental parameters
Starting simulation for 120 months (10.0 years)
Initial population: 996 citizens
Year 1: Population=956, Households=414
Year 5: Population=890, Households=438
Year 10: Population=822, Households=471
Simulation complete. Final population: 822
Creating synthetic realistic Polish population of 1000 citizens...
  Created 996 citizens in 400 households
  Created 4 zones with environmental parameters
Starting simulation for 120 months (10.0 years)
Initial population: 996 citizens
Year 1: Population=998, Households=411
Year 5: Population=1001, Households=453
Year 10: Population=977, Households=506
Simulation complete. Final population: 977
Creating synthetic realistic Polish population of 1000 citizens...
  Created 996 citizens in 400 households
  Created 4 zones with environmental parameters
Starting simulation for 120 months (10.0 years)
Initial population: 996 citizens
Year 1: Population=972, Households=411
Year 5: Population=953, Households=438
Year 10: Population=889, Households=477
Simulation complete. Final population: 889
Creating synthetic realistic Polish population of 1000 citizens...
  Created 996 citizens in 400 households
  Created 4 zones with environmental parameters
Starting simulation for 120 months (10.0 years)
Initial population: 996 citizens
Year 1: Population=965, Households=413
Year 5: Population=914, Households=452
Year 10: Population=863, Households=490
Simulation complete. Final population: 863
Creating synthetic realistic Polish population of 1000 citizens...
  Created 996 citizens in 400 households
  Created 4 zones with environmental parameters
Starting simulation for 120 months (10.0 years)
Initial population: 996 citizens
Year 1: Population=960, Households=411
Year 5: Population=888, Households=440
Year 10: Population=844, Households=462
Simulation complete. Final population: 844
Creating synthetic realistic Polish population of 1000 citizens...
  Created 996 citizens in 400 households
  Created 4 zones with environmental parameters
Starting simulation for 120 months (10.0 years)
Initial population: 996 citizens
Year 1: Population=981, Households=416
Year 5: Population=948, Households=439
Year 10: Population=908, Households=480
Simulation complete. Final population: 908
Creating synthetic realistic Polish population of 1000 citizens...
  Created 996 citizens in 400 households
  Created 4 zones with environmental parameters
Starting simulation for 120 months (10.0 years)
Initial population: 996 citizens
Year 1: Population=958, Households=412
Year 5: Population=894, Households=443
Year 10: Population=831, Households=478
Simulation complete. Final population: 831
Creating synthetic realistic Polish population of 1000 citizens...
  Created 996 citizens in 400 households
  Created 4 zones with environmental parameters
Starting simulation for 120 months (10.0 years)
Initial population: 996 citizens
Year 1: Population=952, Households=414
Year 5: Population=882, Households=444
Year 10: Population=794, Households=480
Simulation complete. Final population: 794
Creating synthetic realistic Polish population of 1000 citizens...
  Created 996 citizens in 400 households
  Created 4 zones with environmental parameters
Starting simulation for 120 months (10.0 years)
Initial population: 996 citizens
Year 1: Population=946, Households=412
Year 5: Population=855, Households=447
Year 10: Population=771, Households=483
Simulation complete. Final population: 771
Creating synthetic realistic Polish population of 1000 citizens...
  Created 996 citizens in 400 households
  Created 4 zones with environmental parameters
Starting simulation for 120 months (10.0 years)
Initial population: 996 citizens
Year 1: Population=987, Households=413
Year 5: Population=970, Households=443
Year 10: Population=926, Households=486
Simulation complete. Final population: 926
Creating synthetic realistic Polish population of 1000 citizens...
  Created 996 citizens in 400 households
  Created 4 zones with environmental parameters
Starting simulation for 120 months (10.0 years)
Initial population: 996 citizens
Year 1: Population=960, Households=413
Year 5: Population=916, Households=443
Year 10: Population=850, Households=485
Simulation complete. Final population: 850
Creating synthetic realistic Polish population of 1000 citizens...
  Created 996 citizens in 400 households
  Created 4 zones with environmental parameters
Starting simulation for 120 months (10.0 years)
Initial population: 996 citizens
Year 1: Population=948, Households=412
Year 5: Population=873, Households=436
Year 10: Population=809, Households=466
Simulation complete. Final population: 809
Creating synthetic realistic Polish population of 1000 citizens...
  Created 996 citizens in 400 households
  Created 4 zones with environmental parameters
Starting simulation for 120 months (10.0 years)
Initial population: 996 citizens
Year 1: Population=953, Households=412
Year 5: Population=862, Households=442
Year 10: Population=801, Households=480
Simulation complete. Final population: 801
Creating synthetic realistic Polish population of 1000 citizens...
  Created 996 citizens in 400 households
  Created 4 zones with environmental parameters
Starting simulation for 120 months (10.0 years)
Initial population: 996 citizens
Year 1: Population=988, Households=412
Year 5: Population=990, Households=451
Year 10: Population=954, Households=491
Simulation complete. Final population: 954
Creating synthetic realistic Polish population of 1000 citizens...
  Created 996 citizens in 400 households
  Created 4 zones with environmental parameters
Starting simulation for 120 months (10.0 years)
Initial population: 996 citizens
Year 1: Population=965, Households=413
Year 5: Population=939, Households=452
Year 10: Population=884, Households=499
Simulation complete. Final population: 884
Creating synthetic realistic Polish population of 1000 citizens...
  Created 996 citizens in 400 households
  Created 4 zones with environmental parameters
Starting simulation for 120 months (10.0 years)
Initial population: 996 citizens
Year 1: Population=951, Households=412
Year 5: Population=901, Households=446
Year 10: Population=829, Households=485
Simulation complete. Final population: 829
Creating synthetic realistic Polish population of 1000 citizens...
  Created 996 citizens in 400 households
  Created 4 zones with environmental parameters
Starting simulation for 120 months (10.0 years)
Initial population: 996 citizens
Year 1: Population=954, Households=412
Year 5: Population=868, Households=438
Year 10: Population=803, Households=478
Simulation complete. Final population: 803
Creating synthetic realistic Polish population of 1000 citizens...
  Created 996 citizens in 400 households
  Created 4 zones with environmental parameters
Starting simulation for 120 months (10.0 years)
Initial population: 996 citizens
Year 1: Population=991, Households=410
Year 5: Population=1009, Households=451
Year 10: Population=992, Households=496
Simulation complete. Final population: 992
Creating synthetic realistic Polish population of 1000 citizens...
  Created 996 citizens in 400 households
  Created 4 zones with environmental parameters
Starting simulation for 120 months (10.0 years)
Initial population: 996 citizens
Year 1: Population=970, Households=412
Year 5: Population=931, Households=449
Year 10: Population=898, Households=491
Simulation complete. Final population: 898
Creating synthetic realistic Polish population of 1000 citizens...
  Created 996 citizens in 400 households
  Created 4 zones with environmental parameters
Starting simulation for 120 months (10.0 years)
Initial population: 996 citizens
Year 1: Population=964, Households=410
Year 5: Population=903, Households=437
Year 10: Population=854, Households=468
Simulation complete. Final population: 854
Creating synthetic realistic Polish population of 1000 citizens...
  Created 996 citizens in 400 households
  Created 4 zones with environmental parameters
Starting simulation for 120 months (10.0 years)
Initial population: 996 citizens
Year 1: Population=955, Households=409
Year 5: Population=879, Households=434
Year 10: Population=821, Households=468
Simulation complete. Final population: 821
Creating synthetic realistic Polish population of 1000 citizens...
  Created 996 citizens in 400 households
  Created 4 zones with environmental parameters
Starting simulation for 120 months (10.0 years)
Initial population: 996 citizens
Year 1: Population=981, Households=415
Year 5: Population=939, Households=444
Year 10: Population=875, Households=489
Simulation complete. Final population: 875
Creating synthetic realistic Polish population of 1000 citizens...
  Created 996 citizens in 400 households
  Created 4 zones with environmental parameters
Starting simulation for 120 months (10.0 years)
Initial population: 996 citizens
Year 1: Population=957, Households=414
Year 5: Population=875, Households=445
Year 10: Population=788, Households=480
Simulation complete. Final population: 788
Creating synthetic realistic Polish population of 1000 citizens...
  Created 996 citizens in 400 households
  Created 4 zones with environmental parameters
Starting simulation for 120 months (10.0 years)
Initial population: 996 citizens
Year 1: Population=952, Households=412
Year 5: Population=852, Households=438
Year 10: Population=772, Households=474
Simulation complete. Final population: 772
Creating synthetic realistic Polish population of 1000 citizens...
  Created 996 citizens in 400 households
  Created 4 zones with environmental parameters
Starting simulation for 120 months (10.0 years)
Initial population: 996 citizens
Year 1: Population=941, Households=413
Year 5: Population=820, Households=442
Year 10: Population=732, Households=482
Simulation complete. Final population: 732
Creating synthetic realistic Polish population of 1000 citizens...
  Created 996 citizens in 400 households
  Created 4 zones with environmental parameters
Starting simulation for 120 months (10.0 years)
Initial population: 996 citizens
Year 1: Population=982, Households=415
Year 5: Population=949, Households=450
Year 10: Population=918, Households=501
Simulation complete. Final population: 918
Creating synthetic realistic Polish population of 1000 citizens...
  Created 996 citizens in 400 households
  Created 4 zones with environmental parameters
Starting simulation for 120 months (10.0 years)
Initial population: 996 citizens
Year 1: Population=957, Households=413
Year 5: Population=888, Households=445
Year 10: Population=820, Households=486
Simulation complete. Final population: 820
Creating synthetic realistic Polish population of 1000 citizens...
  Created 996 citizens in 400 households
  Created 4 zones with environmental parameters
Starting simulation for 120 months (10.0 years)
Initial population: 996 citizens
Year 1: Population=951, Households=414
Year 5: Population=864, Households=437
Year 10: Population=797, Households=476
Simulation complete. Final population: 797
Creating synthetic realistic Polish population of 1000 citizens...
  Created 996 citizens in 400 households
  Created 4 zones with environmental parameters
Starting simulation for 120 months (10.0 years)
Initial population: 996 citizens
Year 1: Population=947, Households=408
Year 5: Population=864, Households=443
Year 10: Population=780, Households=478
Simulation complete. Final population: 780
Creating synthetic realistic Polish population of 1000 citizens...
  Created 996 citizens in 400 households
  Created 4 zones with environmental parameters
Starting simulation for 120 months (10.0 years)
Initial population: 996 citizens
Year 1: Population=986, Households=413
Year 5: Population=969, Households=455
Year 10: Population=943, Households=498
Simulation complete. Final population: 943
Creating synthetic realistic Polish population of 1000 citizens...
  Created 996 citizens in 400 households
  Created 4 zones with environmental parameters
Starting simulation for 120 months (10.0 years)
Initial population: 996 citizens
Year 1: Population=964, Households=414
Year 5: Population=921, Households=448
Year 10: Population=871, Households=482
Simulation complete. Final population: 871
Creating synthetic realistic Polish population of 1000 citizens...
  Created 996 citizens in 400 households
  Created 4 zones with environmental parameters
Starting simulation for 120 months (10.0 years)
Initial population: 996 citizens
Year 1: Population=955, Households=414
Year 5: Population=885, Households=439
Year 10: Population=808, Households=478
Simulation complete. Final population: 808
Creating synthetic realistic Polish population of 1000 citizens...
  Created 996 citizens in 400 households
  Created 4 zones with environmental parameters
Starting simulation for 120 months (10.0 years)
Initial population: 996 citizens
Year 1: Population=948, Households=408
Year 5: Population=870, Households=440
Year 10: Population=792, Households=473
Simulation complete. Final population: 792
Creating synthetic realistic Polish population of 1000 citizens...
  Created 996 citizens in 400 households
  Created 4 zones with environmental parameters
Starting simulation for 120 months (10.0 years)
Initial population: 996 citizens
Year 1: Population=986, Households=414
Year 5: Population=979, Households=447
Year 10: Population=954, Households=500
Simulation complete. Final population: 954
Creating synthetic realistic Polish population of 1000 citizens...
  Created 996 citizens in 400 households
  Created 4 zones with environmental parameters
Starting simulation for 120 months (10.0 years)
Initial population: 996 citizens
Year 1: Population=969, Households=414
Year 5: Population=925, Households=448
Year 10: Population=889, Households=477
Simulation complete. Final population: 889
Creating synthetic realistic Polish population of 1000 citizens...
  Created 996 citizens in 400 households
  Created 4 zones with environmental parameters
Starting simulation for 120 months (10.0 years)
Initial population: 996 citizens
Year 1: Population=959, Households=411
Year 5: Population=897, Households=440
Year 10: Population=860, Households=470
Simulation complete. Final population: 860
Creating synthetic realistic Polish population of 1000 citizens...
  Created 996 citizens in 400 households
  Created 4 zones with environmental parameters
Starting simulation for 120 months (10.0 years)
Initial population: 996 citizens
Year 1: Population=948, Households=408
Year 5: Population=888, Households=437
Year 10: Population=826, Households=472
Simulation complete. Final population: 826
Creating synthetic realistic Polish population of 1000 citizens...
  Created 996 citizens in 400 households
  Created 4 zones with environmental parameters
Starting simulation for 120 months (10.0 years)
Initial population: 996 citizens
Year 1: Population=993, Households=412
Year 5: Population=986, Households=452
Year 10: Population=965, Households=499
Simulation complete. Final population: 965
Creating synthetic realistic Polish population of 1000 citizens...
  Created 996 citizens in 400 households
  Created 4 zones with environmental parameters
Starting simulation for 120 months (10.0 years)
Initial population: 996 citizens
Year 1: Population=981, Households=416
Year 5: Population=952, Households=449
Year 10: Population=902, Households=485
Simulation complete. Final population: 902
Creating synthetic realistic Polish population of 1000 citizens...
  Created 996 citizens in 400 households
  Created 4 zones with environmental parameters
Starting simulation for 120 months (10.0 years)
Initial population: 996 citizens
Year 1: Population=971, Households=414
Year 5: Population=924, Households=444
Year 10: Population=875, Households=474
Simulation complete. Final population: 875
Creating synthetic realistic Polish population of 1000 citizens...
  Created 996 citizens in 400 households
  Created 4 zones with environmental parameters
Starting simulation for 120 months (10.0 years)
Initial population: 996 citizens
Year 1: Population=958, Households=412
Year 5: Population=904, Households=448
Year 10: Population=831, Households=486
Simulation complete. Final population: 831
Creating synthetic realistic Polish population of 1000 citizens...
  Created 996 citizens in 400 households
  Created 4 zones with environmental parameters
Starting simulation for 120 months (10.0 years)
Initial population: 996 citizens
Year 1: Population=999, Households=410
Year 5: Population=1001, Households=441
Year 10: Population=996, Households=483
Simulation complete. Final population: 996
Creating synthetic realistic Polish population of 1000 citizens...
  Created 996 citizens in 400 households
  Created 4 zones with environmental parameters
Starting simulation for 120 months (10.0 years)
Initial population: 996 citizens
Year 1: Population=987, Households=413
Year 5: Population=954, Households=447
Year 10: Population=915, Households=482
Simulation complete. Final population: 915
Creating synthetic realistic Polish population of 1000 citizens...
  Created 996 citizens in 400 households
  Created 4 zones with environmental parameters
Starting simulation for 120 months (10.0 years)
Initial population: 996 citizens
Year 1: Population=971, Households=414
Year 5: Population=934, Households=446
Year 10: Population=885, Households=479
Simulation complete. Final population: 885
Creating synthetic realistic Polish population of 1000 citizens...
  Created 996 citizens in 400 households
  Created 4 zones with environmental parameters
Starting simulation for 120 months (10.0 years)
Initial population: 996 citizens
Year 1: Population=961, Households=414
Year 5: Population=911, Households=442
Year 10: Population=857, Households=477
Simulation complete. Final population: 857
Creating synthetic realistic Polish population of 1000 citizens...
  Created 996 citizens in 400 households
  Created 4 zones with environmental parameters
Starting simulation for 120 months (10.0 years)
Initial population: 996 citizens
Year 1: Population=999, Households=410
Year 5: Population=994, Households=449
Year 10: Population=991, Households=486
Simulation complete. Final population: 991
Creating synthetic realistic Polish population of 1000 citizens...
  Created 996 citizens in 400 households
  Created 4 zones with environmental parameters
Starting simulation for 120 months (10.0 years)
Initial population: 996 citizens
Year 1: Population=991, Households=412
Year 5: Population=971, Households=446
Year 10: Population=952, Households=496
Simulation complete. Final population: 952
Creating synthetic realistic Polish population of 1000 citizens...
  Created 996 citizens in 400 households
  Created 4 zones with environmental parameters
Starting simulation for 120 months (10.0 years)
Initial population: 996 citizens
Year 1: Population=986, Households=414
Year 5: Population=957, Households=441
Year 10: Population=937, Households=470
Simulation complete. Final population: 937
Creating synthetic realistic Polish population of 1000 citizens...
  Created 996 citizens in 400 households
  Created 4 zones with environmental parameters
Starting simulation for 120 months (10.0 years)
Initial population: 996 citizens
Year 1: Population=968, Households=412
Year 5: Population=940, Households=447
Year 10: Population=893, Households=489
Simulation complete. Final population: 893
Creating synthetic realistic Polish population of 1000 citizens...
  Created 996 citizens in 400 households
  Created 4 zones with environmental parameters
Starting simulation for 120 months (10.0 years)
Initial population: 996 citizens
Year 1: Population=1007, Households=416
Year 5: Population=1015, Households=455
Year 10: Population=1026, Households=506
Simulation complete. Final population: 1026
Creating synthetic realistic Polish population of 1000 citizens...
  Created 996 citizens in 400 households
  Created 4 zones with environmental parameters
Starting simulation for 120 months (10.0 years)
Initial population: 996 citizens
Year 1: Population=991, Households=410
Year 5: Population=982, Households=448
Year 10: Population=978, Households=504
Simulation complete. Final population: 978
Creating synthetic realistic Polish population of 1000 citizens...
  Created 996 citizens in 400 households
  Created 4 zones with environmental parameters
Starting simulation for 120 months (10.0 years)
Initial population: 996 citizens
Year 1: Population=989, Households=412
Year 5: Population=965, Households=448
Year 10: Population=938, Households=488
Simulation complete. Final population: 938
Creating synthetic realistic Polish population of 1000 citizens...
  Created 996 citizens in 400 households
  Created 4 zones with environmental parameters
Starting simulation for 120 months (10.0 years)
Initial population: 996 citizens
Year 1: Population=971, Households=414
Year 5: Population=933, Households=449
Year 10: Population=908, Households=488
Simulation complete. Final population: 908
Creating synthetic realistic Polish population of 1000 citizens...
  Created 996 citizens in 400 households
  Created 4 zones with environmental parameters
Starting simulation for 120 months (10.0 years)
Initial population: 996 citizens
Year 1: Population=992, Households=408
Year 5: Population=960, Households=448
Year 10: Population=922, Households=489
Simulation complete. Final population: 922
Creating synthetic realistic Polish population of 1000 citizens...
  Created 996 citizens in 400 households
  Created 4 zones with environmental parameters
Starting simulation for 120 months (10.0 years)
Initial population: 996 citizens
Year 1: Population=976, Households=414
Year 5: Population=948, Households=444
Year 10: Population=892, Households=484
Simulation complete. Final population: 892
Creating synthetic realistic Polish population of 1000 citizens...
  Created 996 citizens in 400 households
  Created 4 zones with environmental parameters
Starting simulation for 120 months (10.0 years)
Initial population: 996 citizens
Year 1: Population=958, Households=412
Year 5: Population=904, Households=448
Year 10: Population=831, Households=486
Simulation complete. Final population: 831
Creating synthetic realistic Polish population of 1000 citizens...
  Created 996 citizens in 400 households
  Created 4 zones with environmental parameters
Starting simulation for 120 months (10.0 years)
Initial population: 996 citizens
Year 1: Population=952, Households=412
Year 5: Population=888, Households=448
Year 10: Population=803, Households=492
Simulation complete. Final population: 803
Creating synthetic realistic Polish population of 1000 citizens...
  Created 996 citizens in 400 households
  Created 4 zones with environmental parameters
Starting simulation for 120 months (10.0 years)
Initial population: 996 citizens
Year 1: Population=992, Households=413
Year 5: Population=990, Households=447
Year 10: Population=971, Households=489
Simulation complete. Final population: 971
Creating synthetic realistic Polish population of 1000 citizens...
  Created 996 citizens in 400 households
  Created 4 zones with environmental parameters
Starting simulation for 120 months (10.0 years)
Initial population: 996 citizens
Year 1: Population=977, Households=414
Year 5: Population=948, Households=450
Year 10: Population=912, Households=492
Simulation complete. Final population: 912
Creating synthetic realistic Polish population of 1000 citizens...
  Created 996 citizens in 400 households
  Created 4 zones with environmental parameters
Starting simulation for 120 months (10.0 years)
Initial population: 996 citizens
Year 1: Population=961, Households=414
Year 5: Population=911, Households=442
Year 10: Population=857, Households=477
Simulation complete. Final population: 857
Creating synthetic realistic Polish population of 1000 citizens...
  Created 996 citizens in 400 households
  Created 4 zones with environmental parameters
Starting simulation for 120 months (10.0 years)
Initial population: 996 citizens
Year 1: Population=961, Households=409
Year 5: Population=890, Households=446
Year 10: Population=828, Households=489
Simulation complete. Final population: 828
Creating synthetic realistic Polish population of 1000 citizens...
  Created 996 citizens in 400 households
  Created 4 zones with environmental parameters
Starting simulation for 120 months (10.0 years)
Initial population: 996 citizens
Year 1: Population=998, Households=411
Year 5: Population=983, Households=448
Year 10: Population=972, Households=492
Simulation complete. Final population: 972
Creating synthetic realistic Polish population of 1000 citizens...
  Created 996 citizens in 400 households
  Created 4 zones with environmental parameters
Starting simulation for 120 months (10.0 years)
Initial population: 996 citizens
Year 1: Population=985, Households=415
Year 5: Population=950, Households=443
Year 10: Population=927, Households=476
Simulation complete. Final population: 927
Creating synthetic realistic Polish population of 1000 citizens...
  Created 996 citizens in 400 households
  Created 4 zones with environmental parameters
Starting simulation for 120 months (10.0 years)
Initial population: 996 citizens
Year 1: Population=968, Households=412
Year 5: Population=940, Households=447
Year 10: Population=893, Households=489
Simulation complete. Final population: 893
Creating synthetic realistic Polish population of 1000 citizens...
  Created 996 citizens in 400 households
  Created 4 zones with environmental parameters
Starting simulation for 120 months (10.0 years)
Initial population: 996 citizens
Year 1: Population=958, Households=409
Year 5: Population=904, Households=442
Year 10: Population=848, Households=480
Simulation complete. Final population: 848
Creating synthetic realistic Polish population of 1000 citizens...
  Created 996 citizens in 400 households
  Created 4 zones with environmental parameters
Starting simulation for 120 months (10.0 years)
Initial population: 996 citizens
Year 1: Population=998, Households=411
Year 5: Population=1024, Households=446
Year 10: Population=1053, Households=510
Simulation complete. Final population: 1053
Creating synthetic realistic Polish population of 1000 citizens...
  Created 996 citizens in 400 households
  Created 4 zones with environmental parameters
Starting simulation for 120 months (10.0 years)
Initial population: 996 citizens
Year 1: Population=985, Households=416
Year 5: Population=961, Households=437
Year 10: Population=937, Households=481
Simulation complete. Final population: 937
Creating synthetic realistic Polish population of 1000 citizens...
  Created 996 citizens in 400 households
  Created 4 zones with environmental parameters
Starting simulation for 120 months (10.0 years)
Initial population: 996 citizens
Year 1: Population=971, Households=414
Year 5: Population=933, Households=449
Year 10: Population=908, Households=488
Simulation complete. Final population: 908
Creating synthetic realistic Polish population of 1000 citizens...
  Created 996 citizens in 400 households
  Created 4 zones with environmental parameters
Starting simulation for 120 months (10.0 years)
Initial population: 996 citizens
Year 1: Population=966, Households=410
Year 5: Population=909, Households=451
Year 10: Population=883, Households=488
Simulation complete. Final population: 883
Creating synthetic realistic Polish population of 1000 citizens...
  Created 996 citizens in 400 households
  Created 4 zones with environmental parameters
Starting simulation for 120 months (10.0 years)
Initial population: 996 citizens
Year 1: Population=984, Households=410
Year 5: Population=949, Households=440
Year 10: Population=909, Households=484
Simulation complete. Final population: 909
Creating synthetic realistic Polish population of 1000 citizens...
  Created 996 citizens in 400 households
  Created 4 zones with environmental parameters
Starting simulation for 120 months (10.0 years)
Initial population: 996 citizens
Year 1: Population=967, Households=414
Year 5: Population=914, Households=443
Year 10: Population=844, Households=485
Simulation complete. Final population: 844
Creating synthetic realistic Polish population of 1000 citizens...
  Created 996 citizens in 400 households
  Created 4 zones with environmental parameters
Starting simulation for 120 months (10.0 years)
Initial population: 996 citizens
Year 1: Population=951, Households=414
Year 5: Population=889, Households=445
Year 10: Population=817, Households=480
Simulation complete. Final population: 817
Creating synthetic realistic Polish population of 1000 citizens...
  Created 996 citizens in 400 households
  Created 4 zones with environmental parameters
Starting simulation for 120 months (10.0 years)
Initial population: 996 citizens
Year 1: Population=954, Households=412
Year 5: Population=844, Households=436
Year 10: Population=777, Households=470
Simulation complete. Final population: 777
Creating synthetic realistic Polish population of 1000 citizens...
  Created 996 citizens in 400 households
  Created 4 zones with environmental parameters
Starting simulation for 120 months (10.0 years)
Initial population: 996 citizens
Year 1: Population=991, Households=413
Year 5: Population=965, Households=446
Year 10: Population=930, Households=486
Simulation complete. Final population: 930
Creating synthetic realistic Polish population of 1000 citizens...
  Created 996 citizens in 400 households
  Created 4 zones with environmental parameters
Starting simulation for 120 months (10.0 years)
Initial population: 996 citizens
Year 1: Population=971, Households=416
Year 5: Population=932, Households=431
Year 10: Population=881, Households=469
Simulation complete. Final population: 881
Creating synthetic realistic Polish population of 1000 citizens...
  Created 996 citizens in 400 households
  Created 4 zones with environmental parameters
Starting simulation for 120 months (10.0 years)
Initial population: 996 citizens
Year 1: Population=962, Households=412
Year 5: Population=886, Households=452
Year 10: Population=830, Households=493
Simulation complete. Final population: 830
Creating synthetic realistic Polish population of 1000 citizens...
  Created 996 citizens in 400 households
  Created 4 zones with environmental parameters
Starting simulation for 120 months (10.0 years)
Initial population: 996 citizens
Year 1: Population=952, Households=414
Year 5: Population=873, Households=448
Year 10: Population=812, Households=484
Simulation complete. Final population: 812
Creating synthetic realistic Polish population of 1000 citizens...
  Created 996 citizens in 400 households
  Created 4 zones with environmental parameters
Starting simulation for 120 months (10.0 years)
Initial population: 996 citizens
Year 1: Population=996, Households=410
Year 5: Population=998, Households=446
Year 10: Population=987, Households=486
Simulation complete. Final population: 987
Creating synthetic realistic Polish population of 1000 citizens...
  Created 996 citizens in 400 households
  Created 4 zones with environmental parameters
Starting simulation for 120 months (10.0 years)
Initial population: 996 citizens
Year 1: Population=972, Households=411
Year 5: Population=944, Households=443
Year 10: Population=898, Households=484
Simulation complete. Final population: 898
Creating synthetic realistic Polish population of 1000 citizens...
  Created 996 citizens in 400 households
  Created 4 zones with environmental parameters
Starting simulation for 120 months (10.0 years)
Initial population: 996 citizens
Year 1: Population=968, Households=411
Year 5: Population=918, Households=446
Year 10: Population=883, Households=481
Simulation complete. Final population: 883
Creating synthetic realistic Polish population of 1000 citizens...
  Created 996 citizens in 400 households
  Created 4 zones with environmental parameters
Starting simulation for 120 months (10.0 years)
Initial population: 996 citizens
Year 1: Population=960, Households=411
Year 5: Population=899, Households=438
Year 10: Population=841, Households=479
Simulation complete. Final population: 841
Creating synthetic realistic Polish population of 1000 citizens...
  Created 996 citizens in 400 households
  Created 4 zones with environmental parameters
Starting simulation for 120 months (10.0 years)
Initial population: 996 citizens
Year 1: Population=998, Households=411
Year 5: Population=997, Households=451
Year 10: Population=993, Households=503
Simulation complete. Final population: 993
Creating synthetic realistic Polish population of 1000 citizens...
  Created 996 citizens in 400 households
  Created 4 zones with environmental parameters
Starting simulation for 120 months (10.0 years)
Initial population: 996 citizens
Year 1: Population=972, Households=411
Year 5: Population=944, Households=438
Year 10: Population=928, Households=470
Simulation complete. Final population: 928
Creating synthetic realistic Polish population of 1000 citizens...
  Created 996 citizens in 400 households
  Created 4 zones with environmental parameters
Starting simulation for 120 months (10.0 years)
Initial population: 996 citizens
Year 1: Population=968, Households=410
Year 5: Population=929, Households=438
Year 10: Population=890, Households=472
Simulation complete. Final population: 890
Creating synthetic realistic Polish population of 1000 citizens...
  Created 996 citizens in 400 households
  Created 4 zones with environmental parameters
Starting simulation for 120 months (10.0 years)
Initial population: 996 citizens
Year 1: Population=957, Households=414
Year 5: Population=917, Households=443
Year 10: Population=877, Households=483
Simulation complete. Final population: 877
Creating synthetic realistic Polish population of 1000 citizens...
  Created 996 citizens in 400 households
  Created 4 zones with environmental parameters
Starting simulation for 120 months (10.0 years)
Initial population: 996 citizens
Year 1: Population=981, Households=416
Year 5: Population=952, Households=449
Year 10: Population=902, Households=485
Simulation complete. Final population: 902
Creating synthetic realistic Polish population of 1000 citizens...
  Created 996 citizens in 400 households
  Created 4 zones with environmental parameters
Starting simulation for 120 months (10.0 years)
Initial population: 996 citizens
Year 1: Population=958, Households=412
Year 5: Population=904, Households=448
Year 10: Population=831, Households=486
Simulation complete. Final population: 831
Creating synthetic realistic Polish population of 1000 citizens...
  Created 996 citizens in 400 households
  Created 4 zones with environmental parameters
Starting simulation for 120 months (10.0 years)
Initial population: 996 citizens
Year 1: Population=952, Households=414
Year 5: Population=876, Households=444
Year 10: Population=799, Households=479
Simulation complete. Final population: 799
Creating synthetic realistic Polish population of 1000 citizens...
  Created 996 citizens in 400 households
  Created 4 zones with environmental parameters
Starting simulation for 120 months (10.0 years)
Initial population: 996 citizens
Year 1: Population=946, Households=412
Year 5: Population=849, Households=447
Year 10: Population=764, Households=492
Simulation complete. Final population: 764
Creating synthetic realistic Polish population of 1000 citizens...
  Created 996 citizens in 400 households
  Created 4 zones with environmental parameters
Starting simulation for 120 months (10.0 years)
Initial population: 996 citizens
Year 1: Population=987, Households=413
Year 5: Population=954, Households=447
Year 10: Population=915, Households=482
Simulation complete. Final population: 915
Creating synthetic realistic Polish population of 1000 citizens...
  Created 996 citizens in 400 households
  Created 4 zones with environmental parameters
Starting simulation for 120 months (10.0 years)
Initial population: 996 citizens
Year 1: Population=961, Households=414
Year 5: Population=911, Households=442
Year 10: Population=857, Households=477
Simulation complete. Final population: 857
Creating synthetic realistic Polish population of 1000 citizens...
  Created 996 citizens in 400 households
  Created 4 zones with environmental parameters
Starting simulation for 120 months (10.0 years)
Initial population: 996 citizens
Year 1: Population=948, Households=412
Year 5: Population=882, Households=445
Year 10: Population=802, Households=488
Simulation complete. Final population: 802
Creating synthetic realistic Polish population of 1000 citizens...
  Created 996 citizens in 400 households
  Created 4 zones with environmental parameters
Starting simulation for 120 months (10.0 years)
Initial population: 996 citizens
Year 1: Population=956, Households=412
Year 5: Population=863, Households=436
Year 10: Population=801, Households=483
Simulation complete. Final population: 801
Creating synthetic realistic Polish population of 1000 citizens...
  Created 996 citizens in 400 households
  Created 4 zones with environmental parameters
Starting simulation for 120 months (10.0 years)
Initial population: 996 citizens
Year 1: Population=991, Households=412
Year 5: Population=971, Households=446
Year 10: Population=952, Households=496
Simulation complete. Final population: 952
Creating synthetic realistic Polish population of 1000 citizens...
  Created 996 citizens in 400 households
  Created 4 zones with environmental parameters
Starting simulation for 120 months (10.0 years)
Initial population: 996 citizens
Year 1: Population=968, Households=412
Year 5: Population=940, Households=447
Year 10: Population=893, Households=489
Simulation complete. Final population: 893
Creating synthetic realistic Polish population of 1000 citizens...
  Created 996 citizens in 400 households
  Created 4 zones with environmental parameters
Starting simulation for 120 months (10.0 years)
Initial population: 996 citizens
Year 1: Population=962, Households=413
Year 5: Population=892, Households=443
Year 10: Population=838, Households=485
Simulation complete. Final population: 838
Creating synthetic realistic Polish population of 1000 citizens...
  Created 996 citizens in 400 households
  Created 4 zones with environmental parameters
Starting simulation for 120 months (10.0 years)
Initial population: 996 citizens
Year 1: Population=955, Households=409
Year 5: Population=885, Households=436
Year 10: Population=830, Households=468
Simulation complete. Final population: 830
Creating synthetic realistic Polish population of 1000 citizens...
  Created 996 citizens in 400 households
  Created 4 zones with environmental parameters
Starting simulation for 120 months (10.0 years)
Initial population: 996 citizens
Year 1: Population=991, Households=410
Year 5: Population=982, Households=448
Year 10: Population=978, Households=504
Simulation complete. Final population: 978
Creating synthetic realistic Polish population of 1000 citizens...
  Created 996 citizens in 400 households
  Created 4 zones with environmental parameters
Starting simulation for 120 months (10.0 years)
Initial population: 996 citizens
Year 1: Population=971, Households=414
Year 5: Population=933, Households=449
Year 10: Population=908, Households=488
Simulation complete. Final population: 908
Creating synthetic realistic Polish population of 1000 citizens...
  Created 996 citizens in 400 households
  Created 4 zones with environmental parameters
Starting simulation for 120 months (10.0 years)
Initial population: 996 citizens
Year 1: Population=968, Households=412
Year 5: Population=900, Households=439
Year 10: Population=866, Households=483
Simulation complete. Final population: 866
Creating synthetic realistic Polish population of 1000 citizens...
  Created 996 citizens in 400 households
  Created 4 zones with environmental parameters
Starting simulation for 120 months (10.0 years)
Initial population: 996 citizens
Year 1: Population=955, Households=409
Year 5: Population=894, Households=438
Year 10: Population=846, Households=471
Simulation complete. Final population: 846
Creating synthetic realistic Polish population of 1000 citizens...
  Created 996 citizens in 400 households
  Created 4 zones with environmental parameters
Starting simulation for 120 months (10.0 years)
Initial population: 996 citizens
Year 1: Population=981, Households=415
Year 5: Population=934, Households=448
Year 10: Population=879, Households=485
Simulation complete. Final population: 879
Creating synthetic realistic Polish population of 1000 citizens...
  Created 996 citizens in 400 households
  Created 4 zones with environmental parameters
Starting simulation for 120 months (10.0 years)
Initial population: 996 citizens
Year 1: Population=956, Households=413
Year 5: Population=880, Households=439
Year 10: Population=817, Households=483
Simulation complete. Final population: 817
Creating synthetic realistic Polish population of 1000 citizens...
  Created 996 citizens in 400 households
  Created 4 zones with environmental parameters
Starting simulation for 120 months (10.0 years)
Initial population: 996 citizens
Year 1: Population=952, Households=412
Year 5: Population=856, Households=434
Year 10: Population=766, Households=479
Simulation complete. Final population: 766
Creating synthetic realistic Polish population of 1000 citizens...
  Created 996 citizens in 400 households
  Created 4 zones with environmental parameters
Starting simulation for 120 months (10.0 years)
Initial population: 996 citizens
Year 1: Population=941, Households=413
Year 5: Population=827, Households=441
Year 10: Population=744, Households=472
Simulation complete. Final population: 744
Creating synthetic realistic Polish population of 1000 citizens...
  Created 996 citizens in 400 households
  Created 4 zones with environmental parameters
Starting simulation for 120 months (10.0 years)
Initial population: 996 citizens
Year 1: Population=985, Households=413
Year 5: Population=961, Households=441
Year 10: Population=920, Households=477
Simulation complete. Final population: 920
Creating synthetic realistic Polish population of 1000 citizens...
  Created 996 citizens in 400 households
  Created 4 zones with environmental parameters
Starting simulation for 120 months (10.0 years)
Initial population: 996 citizens
Year 1: Population=966, Households=414
Year 5: Population=893, Households=449
Year 10: Population=829, Households=486
Simulation complete. Final population: 829
Creating synthetic realistic Polish population of 1000 citizens...
  Created 996 citizens in 400 households
  Created 4 zones with environmental parameters
Starting simulation for 120 months (10.0 years)
Initial population: 996 citizens
Year 1: Population=951, Households=414
Year 5: Population=868, Households=440
Year 10: Population=812, Households=483
Simulation complete. Final population: 812
Creating synthetic realistic Polish population of 1000 citizens...
  Created 996 citizens in 400 households
  Created 4 zones with environmental parameters
Starting simulation for 120 months (10.0 years)
Initial population: 996 citizens
Year 1: Population=947, Households=408
Year 5: Population=847, Households=447
Year 10: Population=762, Households=482
Simulation complete. Final population: 762
Creating synthetic realistic Polish population of 1000 citizens...
  Created 996 citizens in 400 households
  Created 4 zones with environmental parameters
Starting simulation for 120 months (10.0 years)
Initial population: 996 citizens
Year 1: Population=986, Households=413
Year 5: Population=985, Households=447
Year 10: Population=968, Households=496
Simulation complete. Final population: 968
Creating synthetic realistic Polish population of 1000 citizens...
  Created 996 citizens in 400 households
  Created 4 zones with environmental parameters
Starting simulation for 120 months (10.0 years)
Initial population: 996 citizens
Year 1: Population=964, Households=414
Year 5: Population=914, Households=448
Year 10: Population=862, Households=488
Simulation complete. Final population: 862
Creating synthetic realistic Polish population of 1000 citizens...
  Created 996 citizens in 400 households
  Created 4 zones with environmental parameters
Starting simulation for 120 months (10.0 years)
Initial population: 996 citizens
Year 1: Population=959, Households=411
Year 5: Population=911, Households=435
Year 10: Population=868, Households=480
Simulation complete. Final population: 868
Creating synthetic realistic Polish population of 1000 citizens...
  Created 996 citizens in 400 households
  Created 4 zones with environmental parameters
Starting simulation for 120 months (10.0 years)
Initial population: 996 citizens
Year 1: Population=948, Households=408
Year 5: Population=866, Households=440
Year 10: Population=821, Households=473
Simulation complete. Final population: 821
Creating synthetic realistic Polish population of 1000 citizens...
  Created 996 citizens in 400 households
  Created 4 zones with environmental parameters
Starting simulation for 120 months (10.0 years)
Initial population: 996 citizens
Year 1: Population=986, Households=414
Year 5: Population=976, Households=438
Year 10: Population=969, Households=477
Simulation complete. Final population: 969
Creating synthetic realistic Polish population of 1000 citizens...
  Created 996 citizens in 400 households
  Created 4 zones with environmental parameters
Starting simulation for 120 months (10.0 years)
Initial population: 996 citizens
Year 1: Population=973, Households=412
Year 5: Population=939, Households=451
Year 10: Population=913, Households=492
Simulation complete. Final population: 913
Creating synthetic realistic Polish population of 1000 citizens...
  Created 996 citizens in 400 households
  Created 4 zones with environmental parameters
Starting simulation for 120 months (10.0 years)
Initial population: 996 citizens
Year 1: Population=957, Households=414
Year 5: Population=879, Households=433
Year 10: Population=845, Households=474
Simulation complete. Final population: 845
Creating synthetic realistic Polish population of 1000 citizens...
  Created 996 citizens in 400 households
  Created 4 zones with environmental parameters
Starting simulation for 120 months (10.0 years)
Initial population: 996 citizens
Year 1: Population=949, Households=408
Year 5: Population=873, Households=441
Year 10: Population=819, Households=473
Simulation complete. Final population: 819
Creating synthetic realistic Polish population of 1000 citizens...
  Created 996 citizens in 400 households
  Created 4 zones with environmental parameters
Starting simulation for 120 months (10.0 years)
Initial population: 996 citizens
Year 1: Population=993, Households=412
Year 5: Population=986, Households=452
Year 10: Population=965, Households=499
Simulation complete. Final population: 965
Creating synthetic realistic Polish population of 1000 citizens...
  Created 996 citizens in 400 households
  Created 4 zones with environmental parameters
Starting simulation for 120 months (10.0 years)
Initial population: 996 citizens
Year 1: Population=981, Households=416
Year 5: Population=952, Households=449
Year 10: Population=907, Households=486
Simulation complete. Final population: 907
Creating synthetic realistic Polish population of 1000 citizens...
  Created 996 citizens in 400 households
  Created 4 zones with environmental parameters
Starting simulation for 120 months (10.0 years)
Initial population: 996 citizens
Year 1: Population=971, Households=414
Year 5: Population=924, Households=444
Year 10: Population=875, Households=474
Simulation complete. Final population: 875
Creating synthetic realistic Polish population of 1000 citizens...
  Created 996 citizens in 400 households
  Created 4 zones with environmental parameters
Starting simulation for 120 months (10.0 years)
Initial population: 996 citizens
Year 1: Population=958, Households=412
Year 5: Population=893, Households=451
Year 10: Population=830, Households=487
Simulation complete. Final population: 830
Creating synthetic realistic Polish population of 1000 citizens...
  Created 996 citizens in 400 households
  Created 4 zones with environmental parameters
Starting simulation for 120 months (10.0 years)
Initial population: 996 citizens
Year 1: Population=999, Households=410
Year 5: Population=1008, Households=449
Year 10: Population=986, Households=490
Simulation complete. Final population: 986
Creating synthetic realistic Polish population of 1000 citizens...
  Created 996 citizens in 400 households
  Created 4 zones with environmental parameters
Starting simulation for 120 months (10.0 years)
Initial population: 996 citizens
Year 1: Population=988, Households=412
Year 5: Population=978, Households=446
Year 10: Population=927, Households=502
Simulation complete. Final population: 927
Creating synthetic realistic Polish population of 1000 citizens...
  Created 996 citizens in 400 households
  Created 4 zones with environmental parameters
Starting simulation for 120 months (10.0 years)
Initial population: 996 citizens
Year 1: Population=972, Households=414
Year 5: Population=935, Households=442
Year 10: Population=890, Households=479
Simulation complete. Final population: 890
Creating synthetic realistic Polish population of 1000 citizens...
  Created 996 citizens in 400 households
  Created 4 zones with environmental parameters
Starting simulation for 120 months (10.0 years)
Initial population: 996 citizens
Year 1: Population=965, Households=413
Year 5: Population=926, Households=457
Year 10: Population=873, Households=495
Simulation complete. Final population: 873
Creating synthetic realistic Polish population of 1000 citizens...
  Created 996 citizens in 400 households
  Created 4 zones with environmental parameters
Starting simulation for 120 months (10.0 years)
Initial population: 996 citizens
Year 1: Population=1002, Households=408
Year 5: Population=1015, Households=450
Year 10: Population=1032, Households=488
Simulation complete. Final population: 1032
Creating synthetic realistic Polish population of 1000 citizens...
  Created 996 citizens in 400 households
  Created 4 zones with environmental parameters
Starting simulation for 120 months (10.0 years)
Initial population: 996 citizens
Year 1: Population=991, Households=410
Year 5: Population=997, Households=450
Year 10: Population=977, Households=487
Simulation complete. Final population: 977
Creating synthetic realistic Polish population of 1000 citizens...
  Created 996 citizens in 400 households
  Created 4 zones with environmental parameters
Starting simulation for 120 months (10.0 years)
Initial population: 996 citizens
Year 1: Population=982, Households=413
Year 5: Population=952, Households=444
Year 10: Population=909, Households=475
Simulation complete. Final population: 909
Creating synthetic realistic Polish population of 1000 citizens...
  Created 996 citizens in 400 households
  Created 4 zones with environmental parameters
Starting simulation for 120 months (10.0 years)
Initial population: 996 citizens
Year 1: Population=968, Households=412
Year 5: Population=953, Households=444
Year 10: Population=909, Households=487
Simulation complete. Final population: 909
Creating synthetic realistic Polish population of 1000 citizens...
  Created 996 citizens in 400 households
  Created 4 zones with environmental parameters
Starting simulation for 120 months (10.0 years)
Initial population: 996 citizens
Year 1: Population=1009, Households=413
Year 5: Population=1032, Households=447
Year 10: Population=1067, Households=496
Simulation complete. Final population: 1067
Creating synthetic realistic Polish population of 1000 citizens...
  Created 996 citizens in 400 households
  Created 4 zones with environmental parameters
Starting simulation for 120 months (10.0 years)
Initial population: 996 citizens
Year 1: Population=993, Households=412
Year 5: Population=992, Households=451
Year 10: Population=987, Households=480
Simulation complete. Final population: 987
Creating synthetic realistic Polish population of 1000 citizens...
  Created 996 citizens in 400 households
  Created 4 zones with environmental parameters
Starting simulation for 120 months (10.0 years)
Initial population: 996 citizens
Year 1: Population=990, Households=412
Year 5: Population=970, Households=440
Year 10: Population=955, Households=492
Simulation complete. Final population: 955
Creating synthetic realistic Polish population of 1000 citizens...
  Created 996 citizens in 400 households
  Created 4 zones with environmental parameters
Starting simulation for 120 months (10.0 years)
Initial population: 996 citizens
Year 1: Population=971, Households=414
Year 5: Population=961, Households=438
Year 10: Population=922, Households=476
Simulation complete. Final population: 922
Creating synthetic realistic Polish population of 1000 citizens...
  Created 996 citizens in 400 households
  Created 4 zones with environmental parameters
Starting simulation for 120 months (10.0 years)
Initial population: 996 citizens
Year 1: Population=992, Households=408
Year 5: Population=965, Households=448
Year 10: Population=937, Households=500
Simulation complete. Final population: 937
Creating synthetic realistic Polish population of 1000 citizens...
  Created 996 citizens in 400 households
  Created 4 zones with environmental parameters
Starting simulation for 120 months (10.0 years)
Initial population: 996 citizens
Year 1: Population=976, Households=414
Year 5: Population=928, Households=448
Year 10: Population=867, Households=492
Simulation complete. Final population: 867
Creating synthetic realistic Polish population of 1000 citizens...
  Created 996 citizens in 400 households
  Created 4 zones with environmental parameters
Starting simulation for 120 months (10.0 years)
Initial population: 996 citizens
Year 1: Population=958, Households=412
Year 5: Population=893, Households=451
Year 10: Population=830, Households=487
Simulation complete. Final population: 830
Creating synthetic realistic Polish population of 1000 citizens...
  Created 996 citizens in 400 households
  Created 4 zones with environmental parameters
Starting simulation for 120 months (10.0 years)
Initial population: 996 citizens
Year 1: Population=952, Households=412
Year 5: Population=887, Households=448
Year 10: Population=788, Households=490
Simulation complete. Final population: 788
Creating synthetic realistic Polish population of 1000 citizens...
  Created 996 citizens in 400 households
  Created 4 zones with environmental parameters
Starting simulation for 120 months (10.0 years)
Initial population: 996 citizens
Year 1: Population=994, Households=414
Year 5: Population=988, Households=446
Year 10: Population=970, Households=492
Simulation complete. Final population: 970
Creating synthetic realistic Polish population of 1000 citizens...
  Created 996 citizens in 400 households
  Created 4 zones with environmental parameters
Starting simulation for 120 months (10.0 years)
Initial population: 996 citizens
Year 1: Population=977, Households=414
Year 5: Population=945, Households=445
Year 10: Population=910, Households=494
Simulation complete. Final population: 910
Creating synthetic realistic Polish population of 1000 citizens...
  Created 996 citizens in 400 households
  Created 4 zones with environmental parameters
Starting simulation for 120 months (10.0 years)
Initial population: 996 citizens
Year 1: Population=965, Households=413
Year 5: Population=926, Households=457
Year 10: Population=873, Households=495
Simulation complete. Final population: 873
Creating synthetic realistic Polish population of 1000 citizens...
  Created 996 citizens in 400 households
  Created 4 zones with environmental parameters
Starting simulation for 120 months (10.0 years)
Initial population: 996 citizens
Year 1: Population=957, Households=409
Year 5: Population=912, Households=447
Year 10: Population=848, Households=493
Simulation complete. Final population: 848
Creating synthetic realistic Polish population of 1000 citizens...
  Created 996 citizens in 400 households
  Created 4 zones with environmental parameters
Starting simulation for 120 months (10.0 years)
Initial population: 996 citizens
Year 1: Population=998, Households=411
Year 5: Population=1018, Households=449
Year 10: Population=985, Households=500
Simulation complete. Final population: 985
Creating synthetic realistic Polish population of 1000 citizens...
  Created 996 citizens in 400 households
  Created 4 zones with environmental parameters
Starting simulation for 120 months (10.0 years)
Initial population: 996 citizens
Year 1: Population=983, Households=416
Year 5: Population=953, Households=448
Year 10: Population=933, Households=480
Simulation complete. Final population: 933
Creating synthetic realistic Polish population of 1000 citizens...
  Created 996 citizens in 400 households
  Created 4 zones with environmental parameters
Starting simulation for 120 months (10.0 years)
Initial population: 996 citizens
Year 1: Population=968, Households=412
Year 5: Population=953, Households=444
Year 10: Population=909, Households=487
Simulation complete. Final population: 909
Creating synthetic realistic Polish population of 1000 citizens...
  Created 996 citizens in 400 households
  Created 4 zones with environmental parameters
Starting simulation for 120 months (10.0 years)
Initial population: 996 citizens
Year 1: Population=959, Households=413
Year 5: Population=896, Households=450
Year 10: Population=853, Households=486
Simulation complete. Final population: 853
Creating synthetic realistic Polish population of 1000 citizens...
  Created 996 citizens in 400 households
  Created 4 zones with environmental parameters
Starting simulation for 120 months (10.0 years)
Initial population: 996 citizens
Year 1: Population=999, Households=409
Year 5: Population=1017, Households=445
Year 10: Population=1012, Households=485
Simulation complete. Final population: 1012
Creating synthetic realistic Polish population of 1000 citizens...
  Created 996 citizens in 400 households
  Created 4 zones with environmental parameters
Starting simulation for 120 months (10.0 years)
Initial population: 996 citizens
Year 1: Population=986, Households=416
Year 5: Population=987, Households=440
Year 10: Population=977, Households=473
Simulation complete. Final population: 977
Creating synthetic realistic Polish population of 1000 citizens...
  Created 996 citizens in 400 households
  Created 4 zones with environmental parameters
Starting simulation for 120 months (10.0 years)
Initial population: 996 citizens
Year 1: Population=971, Households=414
Year 5: Population=961, Households=438
Year 10: Population=922, Households=476
Simulation complete. Final population: 922
Creating synthetic realistic Polish population of 1000 citizens...
  Created 996 citizens in 400 households
  Created 4 zones with environmental parameters
Starting simulation for 120 months (10.0 years)
Initial population: 996 citizens
Year 1: Population=966, Households=413
Year 5: Population=925, Households=448
Year 10: Population=895, Households=493
Simulation complete. Final population: 895
Creating synthetic realistic Polish population of 1000 citizens...
  Created 996 citizens in 400 households
  Created 4 zones with environmental parameters
Starting simulation for 120 months (10.0 years)
Initial population: 996 citizens
Year 1: Population=984, Households=410
Year 5: Population=949, Households=441
Year 10: Population=907, Households=485
Simulation complete. Final population: 907
Creating synthetic realistic Polish population of 1000 citizens...
  Created 996 citizens in 400 households
  Created 4 zones with environmental parameters
Starting simulation for 120 months (10.0 years)
Initial population: 996 citizens
Year 1: Population=969, Households=414
Year 5: Population=919, Households=443
Year 10: Population=858, Households=479
Simulation complete. Final population: 858
Creating synthetic realistic Polish population of 1000 citizens...
  Created 996 citizens in 400 households
  Created 4 zones with environmental parameters
Starting simulation for 120 months (10.0 years)
Initial population: 996 citizens
Year 1: Population=951, Households=414
Year 5: Population=896, Households=445
Year 10: Population=815, Households=485
Simulation complete. Final population: 815
Creating synthetic realistic Polish population of 1000 citizens...
  Created 996 citizens in 400 households
  Created 4 zones with environmental parameters
Starting simulation for 120 months (10.0 years)
Initial population: 996 citizens
Year 1: Population=954, Households=412
Year 5: Population=845, Households=438
Year 10: Population=779, Households=474
Simulation complete. Final population: 779
Creating synthetic realistic Polish population of 1000 citizens...
  Created 996 citizens in 400 households
  Created 4 zones with environmental parameters
Starting simulation for 120 months (10.0 years)
Initial population: 996 citizens
Year 1: Population=994, Households=414
Year 5: Population=973, Households=445
Year 10: Population=961, Households=486
Simulation complete. Final population: 961
Creating synthetic realistic Polish population of 1000 citizens...
  Created 996 citizens in 400 households
  Created 4 zones with environmental parameters
Starting simulation for 120 months (10.0 years)
Initial population: 996 citizens
Year 1: Population=970, Households=414
Year 5: Population=938, Households=445
Year 10: Population=887, Households=484
Simulation complete. Final population: 887
Creating synthetic realistic Polish population of 1000 citizens...
  Created 996 citizens in 400 households
  Created 4 zones with environmental parameters
Starting simulation for 120 months (10.0 years)
Initial population: 996 citizens
Year 1: Population=962, Households=412
Year 5: Population=886, Households=452
Year 10: Population=842, Households=495
Simulation complete. Final population: 842
Creating synthetic realistic Polish population of 1000 citizens...
  Created 996 citizens in 400 households
  Created 4 zones with environmental parameters
Starting simulation for 120 months (10.0 years)
Initial population: 996 citizens
Year 1: Population=952, Households=414
Year 5: Population=879, Households=446
Year 10: Population=814, Households=487
Simulation complete. Final population: 814
Creating synthetic realistic Polish population of 1000 citizens...
  Created 996 citizens in 400 households
  Created 4 zones with environmental parameters
Starting simulation for 120 months (10.0 years)
Initial population: 996 citizens
Year 1: Population=998, Households=411
Year 5: Population=1001, Households=453
Year 10: Population=989, Households=506
Simulation complete. Final population: 989
Creating synthetic realistic Polish population of 1000 citizens...
  Created 996 citizens in 400 households
  Created 4 zones with environmental parameters
Starting simulation for 120 months (10.0 years)
Initial population: 996 citizens
Year 1: Population=972, Households=411
Year 5: Population=948, Households=437
Year 10: Population=892, Households=478
Simulation complete. Final population: 892
Creating synthetic realistic Polish population of 1000 citizens...
  Created 996 citizens in 400 households
  Created 4 zones with environmental parameters
Starting simulation for 120 months (10.0 years)
Initial population: 996 citizens
Year 1: Population=965, Households=413
Year 5: Population=925, Households=455
Year 10: Population=870, Households=485
Simulation complete. Final population: 870
Creating synthetic realistic Polish population of 1000 citizens...
  Created 996 citizens in 400 households
  Created 4 zones with environmental parameters
Starting simulation for 120 months (10.0 years)
Initial population: 996 citizens
Year 1: Population=960, Households=411
Year 5: Population=888, Households=440
Year 10: Population=844, Households=468
Simulation complete. Final population: 844
Creating synthetic realistic Polish population of 1000 citizens...
  Created 996 citizens in 400 households
  Created 4 zones with environmental parameters
Starting simulation for 120 months (10.0 years)
Initial population: 996 citizens
Year 1: Population=999, Households=409
Year 5: Population=1024, Households=440
Year 10: Population=1025, Households=487
Simulation complete. Final population: 1025
Creating synthetic realistic Polish population of 1000 citizens...
  Created 996 citizens in 400 households
  Created 4 zones with environmental parameters
Starting simulation for 120 months (10.0 years)
Initial population: 996 citizens
Year 1: Population=972, Households=411
Year 5: Population=946, Households=444
Year 10: Population=924, Households=482
Simulation complete. Final population: 924
Creating synthetic realistic Polish population of 1000 citizens...
  Created 996 citizens in 400 households
  Created 4 zones with environmental parameters
Starting simulation for 120 months (10.0 years)
Initial population: 996 citizens
Year 1: Population=964, Households=412
Year 5: Population=918, Households=445
Year 10: Population=905, Households=488
Simulation complete. Final population: 905
Creating synthetic realistic Polish population of 1000 citizens...
  Created 996 citizens in 400 households
  Created 4 zones with environmental parameters
Starting simulation for 120 months (10.0 years)
Initial population: 996 citizens
Year 1: Population=958, Households=415
Year 5: Population=912, Households=444
Year 10: Population=870, Households=476
Simulation complete. Final population: 870
Creating synthetic realistic Polish population of 1000 citizens...
  Created 996 citizens in 400 households
  Created 4 zones with environmental parameters
Starting simulation for 120 months (10.0 years)
Initial population: 996 citizens
Year 1: Population=981, Households=416
Year 5: Population=952, Households=449
Year 10: Population=907, Households=486
Simulation complete. Final population: 907
Creating synthetic realistic Polish population of 1000 citizens...
  Created 996 citizens in 400 households
  Created 4 zones with environmental parameters
Starting simulation for 120 months (10.0 years)
Initial population: 996 citizens
Year 1: Population=958, Households=412
Year 5: Population=893, Households=451
Year 10: Population=830, Households=487
Simulation complete. Final population: 830
Creating synthetic realistic Polish population of 1000 citizens...
  Created 996 citizens in 400 households
  Created 4 zones with environmental parameters
Starting simulation for 120 months (10.0 years)
Initial population: 996 citizens
Year 1: Population=953, Households=413
Year 5: Population=872, Households=442
Year 10: Population=784, Households=481
Simulation complete. Final population: 784
Creating synthetic realistic Polish population of 1000 citizens...
  Created 996 citizens in 400 households
  Created 4 zones with environmental parameters
Starting simulation for 120 months (10.0 years)
Initial population: 996 citizens
Year 1: Population=946, Households=412
Year 5: Population=853, Households=442
Year 10: Population=772, Households=472
Simulation complete. Final population: 772
Creating synthetic realistic Polish population of 1000 citizens...
  Created 996 citizens in 400 households
  Created 4 zones with environmental parameters
Starting simulation for 120 months (10.0 years)
Initial population: 996 citizens
Year 1: Population=988, Households=412
Year 5: Population=978, Households=446
Year 10: Population=927, Households=502
Simulation complete. Final population: 927
Creating synthetic realistic Polish population of 1000 citizens...
  Created 996 citizens in 400 households
  Created 4 zones with environmental parameters
Starting simulation for 120 months (10.0 years)
Initial population: 996 citizens
Year 1: Population=965, Households=413
Year 5: Population=926, Households=457
Year 10: Population=873, Households=495
Simulation complete. Final population: 873
Creating synthetic realistic Polish population of 1000 citizens...
  Created 996 citizens in 400 households
  Created 4 zones with environmental parameters
Starting simulation for 120 months (10.0 years)
Initial population: 996 citizens
Year 1: Population=948, Households=412
Year 5: Population=902, Households=450
Year 10: Population=843, Households=492
Simulation complete. Final population: 843
Creating synthetic realistic Polish population of 1000 citizens...
  Created 996 citizens in 400 households
  Created 4 zones with environmental parameters
Starting simulation for 120 months (10.0 years)
Initial population: 996 citizens
Year 1: Population=954, Households=412
Year 5: Population=846, Households=429
Year 10: Population=789, Households=459
Simulation complete. Final population: 789
Creating synthetic realistic Polish population of 1000 citizens...
  Created 996 citizens in 400 households
  Created 4 zones with environmental parameters
Starting simulation for 120 months (10.0 years)
Initial population: 996 citizens
Year 1: Population=991, Households=410
Year 5: Population=997, Households=450
Year 10: Population=977, Households=487
Simulation complete. Final population: 977
Creating synthetic realistic Polish population of 1000 citizens...
  Created 996 citizens in 400 households
  Created 4 zones with environmental parameters
Starting simulation for 120 months (10.0 years)
Initial population: 996 citizens
Year 1: Population=968, Households=412
Year 5: Population=953, Households=444
Year 10: Population=909, Households=487
Simulation complete. Final population: 909
Creating synthetic realistic Polish population of 1000 citizens...
  Created 996 citizens in 400 households
  Created 4 zones with environmental parameters
Starting simulation for 120 months (10.0 years)
Initial population: 996 citizens
Year 1: Population=964, Households=410
Year 5: Population=903, Households=437
Year 10: Population=852, Households=468
Simulation complete. Final population: 852
Creating synthetic realistic Polish population of 1000 citizens...
  Created 996 citizens in 400 households
  Created 4 zones with environmental parameters
Starting simulation for 120 months (10.0 years)
Initial population: 996 citizens
Year 1: Population=955, Households=409
Year 5: Population=877, Households=435
Year 10: Population=840, Households=471
Simulation complete. Final population: 840
Creating synthetic realistic Polish population of 1000 citizens...
  Created 996 citizens in 400 households
  Created 4 zones with environmental parameters
Starting simulation for 120 months (10.0 years)
Initial population: 996 citizens
Year 1: Population=993, Households=412
Year 5: Population=992, Households=451
Year 10: Population=987, Households=480
Simulation complete. Final population: 987
Creating synthetic realistic Polish population of 1000 citizens...
  Created 996 citizens in 400 households
  Created 4 zones with environmental parameters
Starting simulation for 120 months (10.0 years)
Initial population: 996 citizens
Year 1: Population=971, Households=414
Year 5: Population=961, Households=438
Year 10: Population=922, Households=476
Simulation complete. Final population: 922
Creating synthetic realistic Polish population of 1000 citizens...
  Created 996 citizens in 400 households
  Created 4 zones with environmental parameters
Starting simulation for 120 months (10.0 years)
Initial population: 996 citizens
Year 1: Population=968, Households=412
Year 5: Population=952, Households=450
Year 10: Population=921, Households=493
Simulation complete. Final population: 921
Creating synthetic realistic Polish population of 1000 citizens...
  Created 996 citizens in 400 households
  Created 4 zones with environmental parameters
Starting simulation for 120 months (10.0 years)
Initial population: 996 citizens
Year 1: Population=955, Households=409
Year 5: Population=908, Households=438
Year 10: Population=878, Households=472
Simulation complete. Final population: 878
Creating synthetic realistic Polish population of 1000 citizens...
  Created 996 citizens in 400 households
  Created 4 zones with environmental parameters
Starting simulation for 120 months (10.0 years)
Initial population: 996 citizens
Year 1: Population=981, Households=415
Year 5: Population=934, Households=448
Year 10: Population=890, Households=503
Simulation complete. Final population: 890
Creating synthetic realistic Polish population of 1000 citizens...
  Created 996 citizens in 400 households
  Created 4 zones with environmental parameters
Starting simulation for 120 months (10.0 years)
Initial population: 996 citizens
Year 1: Population=956, Households=413
Year 5: Population=872, Households=442
Year 10: Population=800, Households=475
Simulation complete. Final population: 800
Creating synthetic realistic Polish population of 1000 citizens...
  Created 996 citizens in 400 households
  Created 4 zones with environmental parameters
Starting simulation for 120 months (10.0 years)
Initial population: 996 citizens
Year 1: Population=952, Households=412
Year 5: Population=862, Households=434
Year 10: Population=776, Households=478
Simulation complete. Final population: 776
Creating synthetic realistic Polish population of 1000 citizens...
  Created 996 citizens in 400 households
  Created 4 zones with environmental parameters
Starting simulation for 120 months (10.0 years)
Initial population: 996 citizens
Year 1: Population=941, Households=413
Year 5: Population=833, Households=438
Year 10: Population=750, Households=475
Simulation complete. Final population: 750
Creating synthetic realistic Polish population of 1000 citizens...
  Created 996 citizens in 400 households
  Created 4 zones with environmental parameters
Starting simulation for 120 months (10.0 years)
Initial population: 996 citizens
Year 1: Population=985, Households=413
Year 5: Population=953, Households=448
Year 10: Population=912, Households=497
Simulation complete. Final population: 912
Creating synthetic realistic Polish population of 1000 citizens...
  Created 996 citizens in 400 households
  Created 4 zones with environmental parameters
Starting simulation for 120 months (10.0 years)
Initial population: 996 citizens
Year 1: Population=963, Households=414
Year 5: Population=903, Households=453
Year 10: Population=843, Households=503
Simulation complete. Final population: 843
Creating synthetic realistic Polish population of 1000 citizens...
  Created 996 citizens in 400 households
  Created 4 zones with environmental parameters
Starting simulation for 120 months (10.0 years)
Initial population: 996 citizens
Year 1: Population=951, Households=414
Year 5: Population=885, Households=441
Year 10: Population=828, Households=474
Simulation complete. Final population: 828
Creating synthetic realistic Polish population of 1000 citizens...
  Created 996 citizens in 400 households
  Created 4 zones with environmental parameters
Starting simulation for 120 months (10.0 years)
Initial population: 996 citizens
Year 1: Population=947, Households=408
Year 5: Population=839, Households=443
Year 10: Population=784, Households=476
Simulation complete. Final population: 784
Creating synthetic realistic Polish population of 1000 citizens...
  Created 996 citizens in 400 households
  Created 4 zones with environmental parameters
Starting simulation for 120 months (10.0 years)
Initial population: 996 citizens
Year 1: Population=986, Households=414
Year 5: Population=997, Households=450
Year 10: Population=984, Households=496
Simulation complete. Final population: 984
Creating synthetic realistic Polish population of 1000 citizens...
  Created 996 citizens in 400 households
  Created 4 zones with environmental parameters
Starting simulation for 120 months (10.0 years)
Initial population: 996 citizens
Year 1: Population=969, Households=414
Year 5: Population=920, Households=452
Year 10: Population=881, Households=490
Simulation complete. Final population: 881
Creating synthetic realistic Polish population of 1000 citizens...
  Created 996 citizens in 400 households
  Created 4 zones with environmental parameters
Starting simulation for 120 months (10.0 years)
Initial population: 996 citizens
Year 1: Population=959, Households=411
Year 5: Population=897, Households=440
Year 10: Population=854, Households=478
Simulation complete. Final population: 854
Creating synthetic realistic Polish population of 1000 citizens...
  Created 996 citizens in 400 households
  Created 4 zones with environmental parameters
Starting simulation for 120 months (10.0 years)
Initial population: 996 citizens
Year 1: Population=948, Households=408
Year 5: Population=864, Households=436
Year 10: Population=808, Households=468
Simulation complete. Final population: 808
Creating synthetic realistic Polish population of 1000 citizens...
  Created 996 citizens in 400 households
  Created 4 zones with environmental parameters
Starting simulation for 120 months (10.0 years)
Initial population: 996 citizens
Year 1: Population=985, Households=416
Year 5: Population=998, Households=458
Year 10: Population=988, Households=496
Simulation complete. Final population: 988
Creating synthetic realistic Polish population of 1000 citizens...
  Created 996 citizens in 400 households
  Created 4 zones with environmental parameters
Starting simulation for 120 months (10.0 years)
Initial population: 996 citizens
Year 1: Population=973, Households=410
Year 5: Population=949, Households=448
Year 10: Population=900, Households=484
Simulation complete. Final population: 900
Creating synthetic realistic Polish population of 1000 citizens...
  Created 996 citizens in 400 households
  Created 4 zones with environmental parameters
Starting simulation for 120 months (10.0 years)
Initial population: 996 citizens
Year 1: Population=957, Households=415
Year 5: Population=920, Households=449
Year 10: Population=871, Households=485
Simulation complete. Final population: 871
Creating synthetic realistic Polish population of 1000 citizens...
  Created 996 citizens in 400 households
  Created 4 zones with environmental parameters
Starting simulation for 120 months (10.0 years)
Initial population: 996 citizens
Year 1: Population=950, Households=411
Year 5: Population=871, Households=440
Year 10: Population=816, Households=469
Simulation complete. Final population: 816
Final best parameters: {'birth_rate_factor': np.float64(1.3), 'death_rate_factor': np.float64(0.6), 'fertility_multiplier': 2.0, 'mortality_multiplier': 0.5}
Final best score: 6.7


Generating visualizations...
Creating 5x5 grid of heatmaps...
  X-axis (mortality_multiplier): [np.float64(0.5), np.float64(1.0), np.float64(1.5), np.float64(2.0)]
  Y-axis (fertility_multiplier): [np.float64(0.5), np.float64(1.0), np.float64(1.5), np.float64(2.0)]
  Rows (birth_rate_factor): [np.float64(0.7), np.float64(0.85), np.float64(1.0), np.float64(1.15), np.float64(1.3)]
  Columns (death_rate_factor): [np.float64(0.6), np.float64(0.7999999999999999), np.float64(1.0), np.float64(1.2), np.float64(1.4)]

✅ 4D Heatmap saved to heatmap_gridsearch_4d.html

✅ Heatmap saved to heatmap_gridsearch_2d.html

================================================================================
VISUALIZATION COMPLETE
================================================================================
